Sim Number,Standings Date,Timing,Season Part,Conference,Division,Group,Rank,Team,Wins,Losses,Ties to Finish,Winning Percent,Team Strength
1,2010-05-03,pre Wind-up,Part 1,Founders,East Division,Port Group,1,New Haven,18,9,3,0.6666666666666666,0.531
1,2010-05-03,pre Wind-up,Part 1,Founders,East Division,Port Group,2,Montreal,17,10,3,0.6296296296296297,0.525
1,2010-05-03,pre Wind-up,Part 1,Founders,East Division,Port Group,3,Boston,11,20,0,0.3548387096774194,0.506
1,2010-05-03,pre Wind-up,Part 1,Founders,East Division,Port Group,4,New York,10,19,2,0.3448275862068966,0.494
1,2010-05-04,post Wind-up,Part 1,Founders,East Division,Port Group,1,New Haven,21,9,0,0.7,0.531
1,2010-05-04,post Wind-up,Part 1,Founders,East Division,Port Group,2,Montreal,18,12,0,0.6,0.525
1,2010-05-04,post Wind-up,Part 1,Founders,East Division,Port Group,3,Boston,11,20,0,0.3548387096774194,0.506
1,2010-05-04,post Wind-up,Part 1,Founders,East Division,Port Group,4,New York,10,21,0,0.3225806451612903,0.494
1,2010-05-03,pre Wind-up,Part 1,Founders,East Division,Canal Group,1,Toronto,19,9,3,0.6785714285714286,0.571
1,2010-05-03,pre Wind-up,Part 1,Founders,East Division,Canal Group,2,Pittsburgh,17,12,2,0.5862068965517241,0.562
1,2010-05-03,pre Wind-up,Part 1,Founders,East Division,Canal Group,3,"Washington, D.C.",13,18,0,0.41935483870967744,0.253
1,2010-05-03,pre Wind-up,Part 1,Founders,East Division,Canal Group,4,Philadelphia,9,20,2,0.3103448275862069,0.389
1,2010-05-04,post Wind-up,Part 1,Founders,East Division,Canal Group,1,Toronto,20,11,0,0.6451612903225806,0.571
1,2010-05-04,post Wind-up,Part 1,Founders,East Division,Canal Group,2,Pittsburgh,19,12,0,0.6129032258064516,0.562
1,2010-05-04,post Wind-up,Part 1,Founders,East Division,Canal Group,3,"Washington, D.C.",13,18,0,0.41935483870967744,0.253
1,2010-05-04,post Wind-up,Part 1,Founders,East Division,Canal Group,4,Philadelphia,10,21,0,0.3225806451612903,0.389
1,2010-05-03,pre Wind-up,Part 1,Founders,West Division,Aurora Group,1,Chicago,17,10,4,0.6296296296296297,0.49
1,2010-05-03,pre Wind-up,Part 1,Founders,West Division,Aurora Group,2,St. Paul,15,14,2,0.5172413793103449,0.5
1,2010-05-03,pre Wind-up,Part 1,Founders,West Division,Aurora Group,3,Winnipeg,14,16,1,0.4666666666666667,0.481
1,2010-05-03,pre Wind-up,Part 1,Founders,West Division,Aurora Group,4,St. Louis,12,17,2,0.41379310344827586,0.457
1,2010-05-04,post Wind-up,Part 1,Founders,West Division,Aurora Group,1,St. Paul,17,14,0,0.5483870967741935,0.5
1,2010-05-04,post Wind-up,Part 1,Founders,West Division,Aurora Group,1,Chicago,17,14,0,0.5483870967741935,0.49
1,2010-05-04,post Wind-up,Part 1,Founders,West Division,Aurora Group,3,Winnipeg,15,16,0,0.4838709677419355,0.481
1,2010-05-04,post Wind-up,Part 1,Founders,West Division,Aurora Group,4,St. Louis,13,18,0,0.41935483870967744,0.457
1,2010-05-03,pre Wind-up,Part 1,Founders,West Division,Rail Group,1,Detroit,19,11,0,0.6333333333333333,0.426
1,2010-05-03,pre Wind-up,Part 1,Founders,West Division,Rail Group,2,Columbus,15,14,2,0.5172413793103449,0.531
1,2010-05-03,pre Wind-up,Part 1,Founders,West Division,Rail Group,3,Indianapolis,14,15,2,0.4827586206896552,0.58
1,2010-05-03,pre Wind-up,Part 1,Founders,West Division,Rail Group,4,Akron,10,16,4,0.38461538461538464,0.547
1,2010-05-04,post Wind-up,Part 1,Founders,West Division,Rail Group,1,Detroit,19,11,0,0.6333333333333333,0.426
1,2010-05-04,post Wind-up,Part 1,Founders,West Division,Rail Group,2,Indianapolis,16,15,0,0.5161290322580645,0.58
1,2010-05-04,post Wind-up,Part 1,Founders,West Division,Rail Group,3,Columbus,15,16,0,0.4838709677419355,0.531
1,2010-05-04,post Wind-up,Part 1,Founders,West Division,Rail Group,4,Akron,12,18,0,0.4,0.547
1,2010-05-03,pre Wind-up,Part 1,Visionaries,East Division,Ridge Group,1,Charlotte,16,15,0,0.5161290322580645,0.438
1,2010-05-03,pre Wind-up,Part 1,Visionaries,East Division,Ridge Group,2,Atlanta,14,14,2,0.5,0.534
1,2010-05-03,pre Wind-up,Part 1,Visionaries,East Division,Ridge Group,3,Nashville,14,15,2,0.4827586206896552,0.601
1,2010-05-03,pre Wind-up,Part 1,Visionaries,East Division,Ridge Group,4,Birmingham,10,16,4,0.38461538461538464,0.466
1,2010-05-04,post Wind-up,Part 1,Visionaries,East Division,Ridge Group,1,Nashville,16,15,0,0.5161290322580645,0.601
1,2010-05-04,post Wind-up,Part 1,Visionaries,East Division,Ridge Group,1,Charlotte,16,15,0,0.5161290322580645,0.438
1,2010-05-04,post Wind-up,Part 1,Visionaries,East Division,Ridge Group,3,Atlanta,15,15,0,0.5,0.534
1,2010-05-04,post Wind-up,Part 1,Visionaries,East Division,Ridge Group,4,Birmingham,12,18,0,0.4,0.466
1,2010-05-03,pre Wind-up,Part 1,Visionaries,East Division,Desert Group,1,Merida,20,9,2,0.6896551724137931,0.509
1,2010-05-03,pre Wind-up,Part 1,Visionaries,East Division,Desert Group,2,Monterrey,15,14,2,0.5172413793103449,0.571
1,2010-05-03,pre Wind-up,Part 1,Visionaries,East Division,Desert Group,3,Dallas,15,15,0,0.5,0.53
1,2010-05-03,pre Wind-up,Part 1,Visionaries,East Division,Desert Group,4,San Antonio,10,21,1,0.3225806451612903,0.472
1,2010-05-04,post Wind-up,Part 1,Visionaries,East Division,Desert Group,1,Merida,20,11,0,0.6451612903225806,0.509
1,2010-05-04,post Wind-up,Part 1,Visionaries,East Division,Desert Group,2,Monterrey,16,15,0,0.5161290322580645,0.571
1,2010-05-04,post Wind-up,Part 1,Visionaries,East Division,Desert Group,3,Dallas,15,15,0,0.5,0.53
1,2010-05-04,post Wind-up,Part 1,Visionaries,East Division,Desert Group,4,San Antonio,10,22,0,0.3125,0.472
1,2010-05-03,pre Wind-up,Part 1,Visionaries,West Division,Pass Group,1,Vancouver,15,13,3,0.5357142857142857,0.623
1,2010-05-03,pre Wind-up,Part 1,Visionaries,West Division,Pass Group,2,Denver,15,14,2,0.5172413793103449,0.534
1,2010-05-03,pre Wind-up,Part 1,Visionaries,West Division,Pass Group,3,Calgary,13,13,4,0.5,0.565
1,2010-05-03,pre Wind-up,Part 1,Visionaries,West Division,Pass Group,4,Seattle,11,15,4,0.4230769230769231,0.37
1,2010-05-04,post Wind-up,Part 1,Visionaries,West Division,Pass Group,1,Calgary,17,13,0,0.5666666666666667,0.565
1,2010-05-04,post Wind-up,Part 1,Visionaries,West Division,Pass Group,2,Vancouver,17,14,0,0.5483870967741935,0.623
1,2010-05-04,post Wind-up,Part 1,Visionaries,West Division,Pass Group,3,Denver,16,15,0,0.5161290322580645,0.534
1,2010-05-04,post Wind-up,Part 1,Visionaries,West Division,Pass Group,4,Seattle,12,18,0,0.4,0.37
1,2010-05-03,pre Wind-up,Part 1,Visionaries,West Division,Rush Group,1,Oakland,16,13,1,0.5517241379310345,0.41
1,2010-05-03,pre Wind-up,Part 1,Visionaries,West Division,Rush Group,1,Los Angeles,16,13,1,0.5517241379310345,0.508
1,2010-05-03,pre Wind-up,Part 1,Visionaries,West Division,Rush Group,3,Tijuana,15,14,1,0.5172413793103449,0.51
1,2010-05-03,pre Wind-up,Part 1,Visionaries,West Division,Rush Group,4,Phoenix,13,14,3,0.48148148148148145,0.491
1,2010-05-04,post Wind-up,Part 1,Visionaries,West Division,Rush Group,1,Oakland,16,14,0,0.5333333333333333,0.41
1,2010-05-04,post Wind-up,Part 1,Visionaries,West Division,Rush Group,1,Los Angeles,16,14,0,0.5333333333333333,0.508
1,2010-05-04,post Wind-up,Part 1,Visionaries,West Division,Rush Group,2,Tijuana,16,14,0,0.5333333333333333,0.51
1,2010-05-04,post Wind-up,Part 1,Visionaries,West Division,Rush Group,4,Phoenix,14,16,0,0.4666666666666667,0.491
1,2010-06-29,pre Wind-up,Part 2,Founders,East Division,Port Group,1,New Haven,45,29,4,0.6081081081081081,0.531
1,2010-06-29,pre Wind-up,Part 2,Founders,East Division,Port Group,2,Montreal,41,35,2,0.5394736842105263,0.525
1,2010-06-29,pre Wind-up,Part 2,Founders,East Division,Port Group,3,New York,35,38,6,0.4794520547945205,0.494
1,2010-06-29,pre Wind-up,Part 2,Founders,East Division,Port Group,4,Boston,35,39,5,0.47297297297297297,0.506
1,2010-06-30,post Wind-up,Part 2,Founders,East Division,Port Group,1,New Haven,46,32,0,0.5897435897435898,0.531
1,2010-06-30,post Wind-up,Part 2,Founders,East Division,Port Group,2,Montreal,43,35,0,0.5512820512820513,0.525
1,2010-06-30,post Wind-up,Part 2,Founders,East Division,Port Group,3,New York,40,39,0,0.5063291139240507,0.494
1,2010-06-30,post Wind-up,Part 2,Founders,East Division,Port Group,4,Boston,35,44,0,0.4430379746835443,0.506
1,2010-06-29,pre Wind-up,Part 2,Founders,East Division,Canal Group,1,Pittsburgh,42,32,5,0.5675675675675675,0.562
1,2010-06-29,pre Wind-up,Part 2,Founders,East Division,Canal Group,1,Toronto,42,32,5,0.5675675675675675,0.571
1,2010-06-29,pre Wind-up,Part 2,Founders,East Division,Canal Group,3,Philadelphia,30,48,1,0.38461538461538464,0.389
1,2010-06-29,pre Wind-up,Part 2,Founders,East Division,Canal Group,4,"Washington, D.C.",27,46,6,0.3698630136986301,0.253
1,2010-06-30,post Wind-up,Part 2,Founders,East Division,Canal Group,1,Toronto,46,33,0,0.5822784810126582,0.571
1,2010-06-30,post Wind-up,Part 2,Founders,East Division,Canal Group,2,Pittsburgh,45,34,0,0.569620253164557,0.562
1,2010-06-30,post Wind-up,Part 2,Founders,East Division,Canal Group,3,Philadelphia,31,48,0,0.3924050632911392,0.389
1,2010-06-30,post Wind-up,Part 2,Founders,East Division,Canal Group,4,"Washington, D.C.",28,51,0,0.35443037974683544,0.253
1,2010-06-29,pre Wind-up,Part 2,Founders,West Division,Aurora Group,1,St. Paul,41,34,4,0.5466666666666666,0.5
1,2010-06-29,pre Wind-up,Part 2,Founders,West Division,Aurora Group,2,Winnipeg,37,39,3,0.4868421052631579,0.481
1,2010-06-29,pre Wind-up,Part 2,Founders,West Division,Aurora Group,3,Chicago,35,42,2,0.45454545454545453,0.49
1,2010-06-29,pre Wind-up,Part 2,Founders,West Division,Aurora Group,4,St. Louis,34,42,3,0.4473684210526316,0.457
1,2010-06-30,post Wind-up,Part 2,Founders,West Division,Aurora Group,1,St. Paul,43,36,0,0.5443037974683544,0.5
1,2010-06-30,post Wind-up,Part 2,Founders,West Division,Aurora Group,2,Winnipeg,38,41,0,0.4810126582278481,0.481
1,2010-06-30,post Wind-up,Part 2,Founders,West Division,Aurora Group,3,Chicago,37,42,0,0.46835443037974683,0.49
1,2010-06-30,post Wind-up,Part 2,Founders,West Division,Aurora Group,4,St. Louis,35,44,0,0.4430379746835443,0.457
1,2010-06-29,pre Wind-up,Part 2,Founders,West Division,Rail Group,1,Indianapolis,45,32,2,0.5844155844155844,0.58
1,2010-06-29,pre Wind-up,Part 2,Founders,West Division,Rail Group,2,Akron,41,35,2,0.5394736842105263,0.547
1,2010-06-29,pre Wind-up,Part 2,Founders,West Division,Rail Group,3,Detroit,38,35,5,0.5205479452054794,0.426
1,2010-06-29,pre Wind-up,Part 2,Founders,West Division,Rail Group,4,Columbus,33,43,3,0.4342105263157895,0.531
1,2010-06-30,post Wind-up,Part 2,Founders,West Division,Rail Group,1,Indianapolis,46,33,0,0.5822784810126582,0.58
1,2010-06-30,post Wind-up,Part 2,Founders,West Division,Rail Group,2,Akron,42,36,0,0.5384615384615384,0.547
1,2010-06-30,post Wind-up,Part 2,Founders,West Division,Rail Group,3,Detroit,39,39,0,0.5,0.426
1,2010-06-30,post Wind-up,Part 2,Founders,West Division,Rail Group,4,Columbus,36,43,0,0.45569620253164556,0.531
1,2010-06-29,pre Wind-up,Part 2,Visionaries,East Division,Ridge Group,1,Charlotte,42,34,3,0.5526315789473685,0.438
1,2010-06-29,pre Wind-up,Part 2,Visionaries,East Division,Ridge Group,2,Atlanta,39,36,3,0.52,0.534
1,2010-06-29,pre Wind-up,Part 2,Visionaries,East Division,Ridge Group,3,Nashville,37,40,2,0.4805194805194805,0.601
1,2010-06-29,pre Wind-up,Part 2,Visionaries,East Division,Ridge Group,4,Birmingham,34,43,1,0.44155844155844154,0.466
1,2010-06-30,post Wind-up,Part 2,Visionaries,East Division,Ridge Group,1,Charlotte,44,35,0,0.5569620253164557,0.438
1,2010-06-30,post Wind-up,Part 2,Visionaries,East Division,Ridge Group,2,Atlanta,39,39,0,0.5,0.534
1,2010-06-30,post Wind-up,Part 2,Visionaries,East Division,Ridge Group,3,Nashville,39,40,0,0.4936708860759494,0.601
1,2010-06-30,post Wind-up,Part 2,Visionaries,East Division,Ridge Group,4,Birmingham,35,43,0,0.44871794871794873,0.466
1,2010-06-29,pre Wind-up,Part 2,Visionaries,East Division,Desert Group,1,Merida,45,34,0,0.569620253164557,0.509
1,2010-06-29,pre Wind-up,Part 2,Visionaries,East Division,Desert Group,2,Monterrey,39,36,4,0.52,0.571
1,2010-06-29,pre Wind-up,Part 2,Visionaries,East Division,Desert Group,3,Dallas,38,36,4,0.5135135135135135,0.53
1,2010-06-29,pre Wind-up,Part 2,Visionaries,East Division,Desert Group,4,San Antonio,29,50,1,0.3670886075949367,0.472
1,2010-06-30,post Wind-up,Part 2,Visionaries,East Division,Desert Group,1,Merida,45,34,0,0.569620253164557,0.509
1,2010-06-30,post Wind-up,Part 2,Visionaries,East Division,Desert Group,2,Monterrey,42,37,0,0.5316455696202531,0.571
1,2010-06-30,post Wind-up,Part 2,Visionaries,East Division,Desert Group,3,Dallas,39,39,0,0.5,0.53
1,2010-06-30,post Wind-up,Part 2,Visionaries,East Division,Desert Group,4,San Antonio,29,51,0,0.3625,0.472
1,2010-06-29,pre Wind-up,Part 2,Visionaries,West Division,Pass Group,1,Vancouver,42,34,3,0.5526315789473685,0.623
1,2010-06-29,pre Wind-up,Part 2,Visionaries,West Division,Pass Group,2,Calgary,39,33,6,0.5416666666666666,0.565
1,2010-06-29,pre Wind-up,Part 2,Visionaries,West Division,Pass Group,3,Denver,38,34,7,0.5277777777777778,0.534
1,2010-06-29,pre Wind-up,Part 2,Visionaries,West Division,Pass Group,4,Seattle,38,37,3,0.5066666666666667,0.37
1,2010-06-30,post Wind-up,Part 2,Visionaries,West Division,Pass Group,1,Vancouver,45,34,0,0.569620253164557,0.623
1,2010-06-30,post Wind-up,Part 2,Visionaries,West Division,Pass Group,2,Calgary,43,35,0,0.5512820512820513,0.565
1,2010-06-30,post Wind-up,Part 2,Visionaries,West Division,Pass Group,3,Seattle,41,37,0,0.5256410256410257,0.37
1,2010-06-30,post Wind-up,Part 2,Visionaries,West Division,Pass Group,4,Denver,40,39,0,0.5063291139240507,0.534
1,2010-06-29,pre Wind-up,Part 2,Visionaries,West Division,Rush Group,1,Tijuana,40,35,3,0.5333333333333333,0.51
1,2010-06-29,pre Wind-up,Part 2,Visionaries,West Division,Rush Group,2,Phoenix,38,36,4,0.5135135135135135,0.491
1,2010-06-29,pre Wind-up,Part 2,Visionaries,West Division,Rush Group,3,Oakland,31,40,7,0.43661971830985913,0.41
1,2010-06-29,pre Wind-up,Part 2,Visionaries,West Division,Rush Group,4,Los Angeles,31,42,5,0.4246575342465753,0.508
1,2010-06-30,post Wind-up,Part 2,Visionaries,West Division,Rush Group,1,Tijuana,40,38,0,0.5128205128205128,0.51
1,2010-06-30,post Wind-up,Part 2,Visionaries,West Division,Rush Group,2,Phoenix,39,39,0,0.5,0.491
1,2010-06-30,post Wind-up,Part 2,Visionaries,West Division,Rush Group,3,Oakland,34,44,0,0.4358974358974359,0.41
1,2010-06-30,post Wind-up,Part 2,Visionaries,West Division,Rush Group,3,Los Angeles,34,44,0,0.4358974358974359,0.508
1,2010-08-12,pre Wind-up,Part 3,Founders,East Division,Port Group,1,New Haven,62,52,2,0.543859649122807,0.531
1,2010-08-12,pre Wind-up,Part 3,Founders,East Division,Port Group,2,Montreal,57,55,4,0.5089285714285714,0.525
1,2010-08-12,pre Wind-up,Part 3,Founders,East Division,Port Group,3,New York,57,56,4,0.504424778761062,0.494
1,2010-08-12,pre Wind-up,Part 3,Founders,East Division,Port Group,4,Boston,57,57,3,0.5,0.506
1,2010-08-13,post Wind-up,Part 3,Founders,East Division,Port Group,1,New Haven,64,52,0,0.5517241379310345,0.531
1,2010-08-13,post Wind-up,Part 3,Founders,East Division,Port Group,2,Montreal,59,57,0,0.5086206896551724,0.525
1,2010-08-13,post Wind-up,Part 3,Founders,East Division,Port Group,3,Boston,58,59,0,0.49572649572649574,0.506
1,2010-08-13,post Wind-up,Part 3,Founders,East Division,Port Group,3,New York,58,59,0,0.49572649572649574,0.494
1,2010-08-12,pre Wind-up,Part 3,Founders,East Division,Canal Group,1,Toronto,69,44,3,0.6106194690265486,0.571
1,2010-08-12,pre Wind-up,Part 3,Founders,East Division,Canal Group,2,Pittsburgh,62,49,5,0.5585585585585585,0.562
1,2010-08-12,pre Wind-up,Part 3,Founders,East Division,Canal Group,3,Philadelphia,46,68,2,0.40350877192982454,0.389
1,2010-08-12,pre Wind-up,Part 3,Founders,East Division,Canal Group,4,"Washington, D.C.",36,80,0,0.3103448275862069,0.253
1,2010-08-13,post Wind-up,Part 3,Founders,East Division,Canal Group,1,Toronto,71,45,0,0.6120689655172413,0.571
1,2010-08-13,post Wind-up,Part 3,Founders,East Division,Canal Group,2,Pittsburgh,65,51,0,0.5603448275862069,0.562
1,2010-08-13,post Wind-up,Part 3,Founders,East Division,Canal Group,3,Philadelphia,47,69,0,0.4051724137931034,0.389
1,2010-08-13,post Wind-up,Part 3,Founders,East Division,Canal Group,4,"Washington, D.C.",36,80,0,0.3103448275862069,0.253
1,2010-08-12,pre Wind-up,Part 3,Founders,West Division,Aurora Group,1,St. Paul,60,53,4,0.5309734513274337,0.5
1,2010-08-12,pre Wind-up,Part 3,Founders,West Division,Aurora Group,2,Chicago,57,59,1,0.49137931034482757,0.49
1,2010-08-12,pre Wind-up,Part 3,Founders,West Division,Aurora Group,3,Winnipeg,52,58,7,0.4727272727272727,0.481
1,2010-08-12,pre Wind-up,Part 3,Founders,West Division,Aurora Group,4,St. Louis,52,60,5,0.4642857142857143,0.457
1,2010-08-13,post Wind-up,Part 3,Founders,West Division,Aurora Group,1,St. Paul,63,54,0,0.5384615384615384,0.5
1,2010-08-13,post Wind-up,Part 3,Founders,West Division,Aurora Group,2,Winnipeg,57,60,0,0.48717948717948717,0.481
1,2010-08-13,post Wind-up,Part 3,Founders,West Division,Aurora Group,2,Chicago,57,60,0,0.48717948717948717,0.49
1,2010-08-13,post Wind-up,Part 3,Founders,West Division,Aurora Group,4,St. Louis,53,64,0,0.452991452991453,0.457
1,2010-08-12,pre Wind-up,Part 3,Founders,West Division,Rail Group,1,Indianapolis,69,45,3,0.6052631578947368,0.58
1,2010-08-12,pre Wind-up,Part 3,Founders,West Division,Rail Group,2,Akron,59,54,3,0.5221238938053098,0.547
1,2010-08-12,pre Wind-up,Part 3,Founders,West Division,Rail Group,3,Detroit,60,55,2,0.5217391304347826,0.426
1,2010-08-12,pre Wind-up,Part 3,Founders,West Division,Rail Group,4,Columbus,52,62,2,0.45614035087719296,0.531
1,2010-08-13,post Wind-up,Part 3,Founders,West Division,Rail Group,1,Indianapolis,71,46,0,0.6068376068376068,0.58
1,2010-08-13,post Wind-up,Part 3,Founders,West Division,Rail Group,2,Detroit,61,56,0,0.5213675213675214,0.426
1,2010-08-13,post Wind-up,Part 3,Founders,West Division,Rail Group,3,Akron,59,57,0,0.5086206896551724,0.547
1,2010-08-13,post Wind-up,Part 3,Founders,West Division,Rail Group,4,Columbus,53,63,0,0.45689655172413796,0.531
1,2010-08-12,pre Wind-up,Part 3,Visionaries,East Division,Ridge Group,1,Charlotte,59,51,7,0.5363636363636364,0.438
1,2010-08-12,pre Wind-up,Part 3,Visionaries,East Division,Ridge Group,2,Nashville,55,55,7,0.5,0.601
1,2010-08-12,pre Wind-up,Part 3,Visionaries,East Division,Ridge Group,3,Birmingham,53,59,4,0.4732142857142857,0.466
1,2010-08-12,pre Wind-up,Part 3,Visionaries,East Division,Ridge Group,4,Atlanta,49,62,5,0.44144144144144143,0.534
1,2010-08-13,post Wind-up,Part 3,Visionaries,East Division,Ridge Group,1,Nashville,60,57,0,0.5128205128205128,0.601
1,2010-08-13,post Wind-up,Part 3,Visionaries,East Division,Ridge Group,1,Charlotte,60,57,0,0.5128205128205128,0.438
1,2010-08-13,post Wind-up,Part 3,Visionaries,East Division,Ridge Group,3,Birmingham,57,59,0,0.49137931034482757,0.466
1,2010-08-13,post Wind-up,Part 3,Visionaries,East Division,Ridge Group,4,Atlanta,53,63,0,0.45689655172413796,0.534
1,2010-08-12,pre Wind-up,Part 3,Visionaries,East Division,Desert Group,1,Monterrey,60,52,4,0.5357142857142857,0.571
1,2010-08-12,pre Wind-up,Part 3,Visionaries,East Division,Desert Group,2,Merida,61,55,1,0.5258620689655172,0.509
1,2010-08-12,pre Wind-up,Part 3,Visionaries,East Division,Desert Group,3,Dallas,54,59,3,0.4778761061946903,0.53
1,2010-08-12,pre Wind-up,Part 3,Visionaries,East Division,Desert Group,4,San Antonio,50,65,2,0.43478260869565216,0.472
1,2010-08-13,post Wind-up,Part 3,Visionaries,East Division,Desert Group,1,Merida,62,55,0,0.5299145299145299,0.509
1,2010-08-13,post Wind-up,Part 3,Visionaries,East Division,Desert Group,2,Monterrey,61,55,0,0.5258620689655172,0.571
1,2010-08-13,post Wind-up,Part 3,Visionaries,East Division,Desert Group,3,Dallas,55,61,0,0.47413793103448276,0.53
1,2010-08-13,post Wind-up,Part 3,Visionaries,East Division,Desert Group,4,San Antonio,51,66,0,0.4358974358974359,0.472
1,2010-08-12,pre Wind-up,Part 3,Visionaries,West Division,Pass Group,1,Vancouver,66,46,4,0.5892857142857143,0.623
1,2010-08-12,pre Wind-up,Part 3,Visionaries,West Division,Pass Group,2,Calgary,61,51,4,0.5446428571428571,0.565
1,2010-08-12,pre Wind-up,Part 3,Visionaries,West Division,Pass Group,3,Denver,60,51,6,0.5405405405405406,0.534
1,2010-08-12,pre Wind-up,Part 3,Visionaries,West Division,Pass Group,4,Seattle,55,59,3,0.4824561403508772,0.37
1,2010-08-13,post Wind-up,Part 3,Visionaries,West Division,Pass Group,1,Vancouver,67,49,0,0.5775862068965517,0.623
1,2010-08-13,post Wind-up,Part 3,Visionaries,West Division,Pass Group,2,Calgary,63,53,0,0.5431034482758621,0.565
1,2010-08-13,post Wind-up,Part 3,Visionaries,West Division,Pass Group,3,Denver,61,56,0,0.5213675213675214,0.534
1,2010-08-13,post Wind-up,Part 3,Visionaries,West Division,Pass Group,4,Seattle,57,60,0,0.48717948717948717,0.37
1,2010-08-12,pre Wind-up,Part 3,Visionaries,West Division,Rush Group,1,Los Angeles,58,56,3,0.5087719298245614,0.508
1,2010-08-12,pre Wind-up,Part 3,Visionaries,West Division,Rush Group,2,Phoenix,57,57,3,0.5,0.491
1,2010-08-12,pre Wind-up,Part 3,Visionaries,West Division,Rush Group,3,Tijuana,55,56,5,0.4954954954954955,0.51
1,2010-08-12,pre Wind-up,Part 3,Visionaries,West Division,Rush Group,4,Oakland,46,65,5,0.4144144144144144,0.41
1,2010-08-13,post Wind-up,Part 3,Visionaries,West Division,Rush Group,1,Los Angeles,60,57,0,0.5128205128205128,0.508
1,2010-08-13,post Wind-up,Part 3,Visionaries,West Division,Rush Group,2,Phoenix,59,58,0,0.5042735042735043,0.491
1,2010-08-13,post Wind-up,Part 3,Visionaries,West Division,Rush Group,3,Tijuana,58,58,0,0.5,0.51
1,2010-08-13,post Wind-up,Part 3,Visionaries,West Division,Rush Group,4,Oakland,48,68,0,0.41379310344827586,0.41
1,2010-09-25,pre Wind-up,Part 4,Founders,East Division,Port Group,1,New Haven,81,71,4,0.5328947368421053,0.531
1,2010-09-25,pre Wind-up,Part 4,Founders,East Division,Port Group,2,Montreal,82,72,2,0.5324675324675324,0.525
1,2010-09-25,pre Wind-up,Part 4,Founders,East Division,Port Group,3,New York,78,77,1,0.5032258064516129,0.494
1,2010-09-25,pre Wind-up,Part 4,Founders,East Division,Port Group,4,Boston,70,80,6,0.4666666666666667,0.506
1,2010-09-26,post Wind-up,Part 4,Founders,East Division,Port Group,1,Montreal,83,73,0,0.532051282051282,0.525
1,2010-09-26,post Wind-up,Part 4,Founders,East Division,Port Group,1,New Haven,83,73,0,0.532051282051282,0.531
1,2010-09-26,post Wind-up,Part 4,Founders,East Division,Port Group,3,New York,79,77,0,0.5064102564102564,0.494
1,2010-09-26,post Wind-up,Part 4,Founders,East Division,Port Group,4,Boston,74,82,0,0.47435897435897434,0.506
1,2010-09-25,pre Wind-up,Part 4,Founders,East Division,Canal Group,1,Toronto,90,62,4,0.5921052631578947,0.571
1,2010-09-25,pre Wind-up,Part 4,Founders,East Division,Canal Group,2,Pittsburgh,88,66,2,0.5714285714285714,0.562
1,2010-09-25,pre Wind-up,Part 4,Founders,East Division,Canal Group,3,Philadelphia,70,82,4,0.4605263157894737,0.389
1,2010-09-25,pre Wind-up,Part 4,Founders,East Division,Canal Group,4,"Washington, D.C.",50,101,5,0.33112582781456956,0.253
1,2010-09-26,post Wind-up,Part 4,Founders,East Division,Canal Group,1,Toronto,93,63,0,0.5961538461538461,0.571
1,2010-09-26,post Wind-up,Part 4,Founders,East Division,Canal Group,2,Pittsburgh,89,67,0,0.5705128205128205,0.562
1,2010-09-26,post Wind-up,Part 4,Founders,East Division,Canal Group,3,Philadelphia,70,86,0,0.44871794871794873,0.389
1,2010-09-26,post Wind-up,Part 4,Founders,East Division,Canal Group,4,"Washington, D.C.",53,103,0,0.33974358974358976,0.253
1,2010-09-25,pre Wind-up,Part 4,Founders,West Division,Aurora Group,1,St. Paul,86,66,4,0.5657894736842105,0.5
1,2010-09-25,pre Wind-up,Part 4,Founders,West Division,Aurora Group,2,Chicago,74,79,3,0.48366013071895425,0.49
1,2010-09-25,pre Wind-up,Part 4,Founders,West Division,Aurora Group,3,Winnipeg,68,86,2,0.44155844155844154,0.481
1,2010-09-25,pre Wind-up,Part 4,Founders,West Division,Aurora Group,3,St. Louis,68,86,2,0.44155844155844154,0.457
1,2010-09-26,post Wind-up,Part 4,Founders,West Division,Aurora Group,1,St. Paul,89,67,0,0.5705128205128205,0.5
1,2010-09-26,post Wind-up,Part 4,Founders,West Division,Aurora Group,2,Chicago,75,81,0,0.4807692307692308,0.49
1,2010-09-26,post Wind-up,Part 4,Founders,West Division,Aurora Group,3,Winnipeg,69,87,0,0.4423076923076923,0.481
1,2010-09-26,post Wind-up,Part 4,Founders,West Division,Aurora Group,3,St. Louis,69,87,0,0.4423076923076923,0.457
1,2010-09-25,pre Wind-up,Part 4,Founders,West Division,Rail Group,1,Indianapolis,97,55,4,0.6381578947368421,0.58
1,2010-09-25,pre Wind-up,Part 4,Founders,West Division,Rail Group,2,Columbus,77,78,1,0.4967741935483871,0.531
1,2010-09-25,pre Wind-up,Part 4,Founders,West Division,Rail Group,3,Detroit,75,80,1,0.4838709677419355,0.426
1,2010-09-25,pre Wind-up,Part 4,Founders,West Division,Rail Group,4,Akron,70,83,3,0.45751633986928103,0.547
1,2010-09-26,post Wind-up,Part 4,Founders,West Division,Rail Group,1,Indianapolis,99,57,0,0.6346153846153846,0.58
1,2010-09-26,post Wind-up,Part 4,Founders,West Division,Rail Group,2,Columbus,78,78,0,0.5,0.531
1,2010-09-26,post Wind-up,Part 4,Founders,West Division,Rail Group,3,Detroit,75,81,0,0.4807692307692308,0.426
1,2010-09-26,post Wind-up,Part 4,Founders,West Division,Rail Group,4,Akron,70,86,0,0.44871794871794873,0.547
1,2010-09-25,pre Wind-up,Part 4,Visionaries,East Division,Ridge Group,1,Charlotte,81,72,3,0.5294117647058824,0.438
1,2010-09-25,pre Wind-up,Part 4,Visionaries,East Division,Ridge Group,2,Nashville,80,73,3,0.5228758169934641,0.601
1,2010-09-25,pre Wind-up,Part 4,Visionaries,East Division,Ridge Group,3,Birmingham,72,82,2,0.4675324675324675,0.466
1,2010-09-25,pre Wind-up,Part 4,Visionaries,East Division,Ridge Group,4,Atlanta,70,85,1,0.45161290322580644,0.534
1,2010-09-26,post Wind-up,Part 4,Visionaries,East Division,Ridge Group,1,Charlotte,83,73,0,0.532051282051282,0.438
1,2010-09-26,post Wind-up,Part 4,Visionaries,East Division,Ridge Group,2,Nashville,82,74,0,0.5256410256410257,0.601
1,2010-09-26,post Wind-up,Part 4,Visionaries,East Division,Ridge Group,3,Birmingham,72,84,0,0.46153846153846156,0.466
1,2010-09-26,post Wind-up,Part 4,Visionaries,East Division,Ridge Group,4,Atlanta,71,85,0,0.4551282051282051,0.534
1,2010-09-25,pre Wind-up,Part 4,Visionaries,East Division,Desert Group,1,Monterrey,82,68,6,0.5466666666666666,0.571
1,2010-09-25,pre Wind-up,Part 4,Visionaries,East Division,Desert Group,2,Merida,81,72,3,0.5294117647058824,0.509
1,2010-09-25,pre Wind-up,Part 4,Visionaries,East Division,Desert Group,3,Dallas,72,81,3,0.47058823529411764,0.53
1,2010-09-25,pre Wind-up,Part 4,Visionaries,East Division,Desert Group,4,San Antonio,66,89,1,0.4258064516129032,0.472
1,2010-09-26,post Wind-up,Part 4,Visionaries,East Division,Desert Group,1,Monterrey,86,70,0,0.5512820512820513,0.571
1,2010-09-26,post Wind-up,Part 4,Visionaries,East Division,Desert Group,2,Merida,81,75,0,0.5192307692307693,0.509
1,2010-09-26,post Wind-up,Part 4,Visionaries,East Division,Desert Group,3,Dallas,74,82,0,0.47435897435897434,0.53
1,2010-09-26,post Wind-up,Part 4,Visionaries,East Division,Desert Group,4,San Antonio,66,90,0,0.4230769230769231,0.472
1,2010-09-25,pre Wind-up,Part 4,Visionaries,West Division,Pass Group,1,Vancouver,94,61,1,0.6064516129032258,0.623
1,2010-09-25,pre Wind-up,Part 4,Visionaries,West Division,Pass Group,2,Calgary,84,70,2,0.5454545454545454,0.565
1,2010-09-25,pre Wind-up,Part 4,Visionaries,West Division,Pass Group,3,Denver,76,80,0,0.48717948717948717,0.534
1,2010-09-25,pre Wind-up,Part 4,Visionaries,West Division,Pass Group,4,Seattle,71,83,2,0.461038961038961,0.37
1,2010-09-26,post Wind-up,Part 4,Visionaries,West Division,Pass Group,1,Vancouver,95,61,0,0.6089743589743589,0.623
1,2010-09-26,post Wind-up,Part 4,Visionaries,West Division,Pass Group,2,Calgary,85,71,0,0.5448717948717948,0.565
1,2010-09-26,post Wind-up,Part 4,Visionaries,West Division,Pass Group,3,Denver,76,80,0,0.48717948717948717,0.534
1,2010-09-26,post Wind-up,Part 4,Visionaries,West Division,Pass Group,4,Seattle,72,84,0,0.46153846153846156,0.37
1,2010-09-25,pre Wind-up,Part 4,Visionaries,West Division,Rush Group,1,Los Angeles,79,75,2,0.512987012987013,0.508
1,2010-09-25,pre Wind-up,Part 4,Visionaries,West Division,Rush Group,2,Tijuana,77,75,4,0.506578947368421,0.51
1,2010-09-25,pre Wind-up,Part 4,Visionaries,West Division,Rush Group,3,Phoenix,74,74,8,0.5,0.491
1,2010-09-25,pre Wind-up,Part 4,Visionaries,West Division,Rush Group,4,Oakland,65,84,7,0.436241610738255,0.41
1,2010-09-26,post Wind-up,Part 4,Visionaries,West Division,Rush Group,1,Los Angeles,79,77,0,0.5064102564102564,0.508
1,2010-09-26,post Wind-up,Part 4,Visionaries,West Division,Rush Group,1,Phoenix,79,77,0,0.5064102564102564,0.491
1,2010-09-26,post Wind-up,Part 4,Visionaries,West Division,Rush Group,2,Tijuana,79,77,0,0.5064102564102564,0.51
1,2010-09-26,post Wind-up,Part 4,Visionaries,West Division,Rush Group,4,Oakland,68,88,0,0.4358974358974359,0.41
2,2010-05-03,pre Wind-up,Part 1,Founders,East Division,Port Group,1,New York,18,12,0,0.6,0.547
2,2010-05-03,pre Wind-up,Part 1,Founders,East Division,Port Group,2,New Haven,15,14,2,0.5172413793103449,0.531
2,2010-05-03,pre Wind-up,Part 1,Founders,East Division,Port Group,3,Montreal,13,16,1,0.4482758620689655,0.481
2,2010-05-03,pre Wind-up,Part 1,Founders,East Division,Port Group,3,Boston,13,16,2,0.4482758620689655,0.494
2,2010-05-04,post Wind-up,Part 1,Founders,East Division,Port Group,1,New York,18,12,0,0.6,0.547
2,2010-05-04,post Wind-up,Part 1,Founders,East Division,Port Group,2,New Haven,16,15,0,0.5161290322580645,0.531
2,2010-05-04,post Wind-up,Part 1,Founders,East Division,Port Group,3,Montreal,14,16,0,0.4666666666666667,0.481
2,2010-05-04,post Wind-up,Part 1,Founders,East Division,Port Group,4,Boston,13,18,0,0.41935483870967744,0.494
2,2010-05-03,pre Wind-up,Part 1,Founders,East Division,Canal Group,1,"Washington, D.C.",15,9,7,0.625,0.49
2,2010-05-03,pre Wind-up,Part 1,Founders,East Division,Canal Group,2,Pittsburgh,10,13,8,0.43478260869565216,0.389
2,2010-05-03,pre Wind-up,Part 1,Founders,East Division,Canal Group,3,Philadelphia,9,15,7,0.375,0.426
2,2010-05-03,pre Wind-up,Part 1,Founders,East Division,Canal Group,4,Toronto,9,16,6,0.36,0.571
2,2010-05-04,post Wind-up,Part 1,Founders,East Division,Canal Group,1,"Washington, D.C.",17,14,0,0.5483870967741935,0.49
2,2010-05-04,post Wind-up,Part 1,Founders,East Division,Canal Group,2,Toronto,14,17,0,0.45161290322580644,0.571
2,2010-05-04,post Wind-up,Part 1,Founders,East Division,Canal Group,3,Pittsburgh,13,18,0,0.41935483870967744,0.389
2,2010-05-04,post Wind-up,Part 1,Founders,East Division,Canal Group,4,Philadelphia,11,20,0,0.3548387096774194,0.426
2,2010-05-03,pre Wind-up,Part 1,Founders,West Division,Aurora Group,1,St. Paul,20,7,3,0.7407407407407407,0.457
2,2010-05-03,pre Wind-up,Part 1,Founders,West Division,Aurora Group,2,Winnipeg,16,11,3,0.5925925925925926,0.531
2,2010-05-03,pre Wind-up,Part 1,Founders,West Division,Aurora Group,3,Chicago,11,12,7,0.4782608695652174,0.506
2,2010-05-03,pre Wind-up,Part 1,Founders,West Division,Aurora Group,4,St. Louis,9,16,5,0.36,0.562
2,2010-05-04,post Wind-up,Part 1,Founders,West Division,Aurora Group,1,St. Paul,21,9,0,0.7,0.457
2,2010-05-04,post Wind-up,Part 1,Founders,West Division,Aurora Group,2,Winnipeg,19,11,0,0.6333333333333333,0.531
2,2010-05-04,post Wind-up,Part 1,Founders,West Division,Aurora Group,3,Chicago,15,15,0,0.5,0.506
2,2010-05-04,post Wind-up,Part 1,Founders,West Division,Aurora Group,4,St. Louis,12,18,0,0.4,0.562
2,2010-05-03,pre Wind-up,Part 1,Founders,West Division,Rail Group,1,Columbus,19,10,1,0.6551724137931034,0.58
2,2010-05-03,pre Wind-up,Part 1,Founders,West Division,Rail Group,2,Detroit,15,12,3,0.5555555555555556,0.5
2,2010-05-03,pre Wind-up,Part 1,Founders,West Division,Rail Group,3,Akron,14,15,1,0.4827586206896552,0.525
2,2010-05-03,pre Wind-up,Part 1,Founders,West Division,Rail Group,4,Indianapolis,8,20,2,0.2857142857142857,0.253
2,2010-05-04,post Wind-up,Part 1,Founders,West Division,Rail Group,1,Columbus,20,10,0,0.6666666666666666,0.58
2,2010-05-04,post Wind-up,Part 1,Founders,West Division,Rail Group,2,Detroit,17,13,0,0.5666666666666667,0.5
2,2010-05-04,post Wind-up,Part 1,Founders,West Division,Rail Group,3,Akron,14,16,0,0.4666666666666667,0.525
2,2010-05-04,post Wind-up,Part 1,Founders,West Division,Rail Group,4,Indianapolis,9,21,0,0.3,0.253
2,2010-05-03,pre Wind-up,Part 1,Visionaries,East Division,Ridge Group,1,Nashville,15,12,3,0.5555555555555556,0.466
2,2010-05-03,pre Wind-up,Part 1,Visionaries,East Division,Ridge Group,2,Atlanta,13,11,6,0.5416666666666666,0.601
2,2010-05-03,pre Wind-up,Part 1,Visionaries,East Division,Ridge Group,3,Birmingham,13,13,4,0.5,0.534
2,2010-05-03,pre Wind-up,Part 1,Visionaries,East Division,Ridge Group,4,Charlotte,8,18,4,0.3076923076923077,0.491
2,2010-05-04,post Wind-up,Part 1,Visionaries,East Division,Ridge Group,1,Nashville,17,13,0,0.5666666666666667,0.466
2,2010-05-04,post Wind-up,Part 1,Visionaries,East Division,Ridge Group,1,Atlanta,17,13,0,0.5666666666666667,0.601
2,2010-05-04,post Wind-up,Part 1,Visionaries,East Division,Ridge Group,3,Birmingham,15,15,0,0.5,0.534
2,2010-05-04,post Wind-up,Part 1,Visionaries,East Division,Ridge Group,4,Charlotte,11,19,0,0.36666666666666664,0.491
2,2010-05-03,pre Wind-up,Part 1,Visionaries,East Division,Desert Group,1,Merida,16,11,3,0.5925925925925926,0.565
2,2010-05-03,pre Wind-up,Part 1,Visionaries,East Division,Desert Group,2,San Antonio,13,17,1,0.43333333333333335,0.509
2,2010-05-03,pre Wind-up,Part 1,Visionaries,East Division,Desert Group,3,Monterrey,12,16,3,0.42857142857142855,0.534
2,2010-05-03,pre Wind-up,Part 1,Visionaries,East Division,Desert Group,4,Dallas,11,18,1,0.3793103448275862,0.508
2,2010-05-04,post Wind-up,Part 1,Visionaries,East Division,Desert Group,1,Merida,18,12,0,0.6,0.565
2,2010-05-04,post Wind-up,Part 1,Visionaries,East Division,Desert Group,2,San Antonio,13,18,0,0.41935483870967744,0.509
2,2010-05-04,post Wind-up,Part 1,Visionaries,East Division,Desert Group,2,Monterrey,13,18,0,0.41935483870967744,0.534
2,2010-05-04,post Wind-up,Part 1,Visionaries,East Division,Desert Group,4,Dallas,11,19,0,0.36666666666666664,0.508
2,2010-05-03,pre Wind-up,Part 1,Visionaries,West Division,Pass Group,1,Vancouver,20,10,2,0.6666666666666666,0.51
2,2010-05-03,pre Wind-up,Part 1,Visionaries,West Division,Pass Group,2,Calgary,14,11,5,0.56,0.53
2,2010-05-03,pre Wind-up,Part 1,Visionaries,West Division,Pass Group,3,Seattle,14,12,5,0.5384615384615384,0.438
2,2010-05-03,pre Wind-up,Part 1,Visionaries,West Division,Pass Group,4,Denver,9,19,3,0.32142857142857145,0.41
2,2010-05-04,post Wind-up,Part 1,Visionaries,West Division,Pass Group,1,Vancouver,20,12,0,0.625,0.51
2,2010-05-04,post Wind-up,Part 1,Visionaries,West Division,Pass Group,2,Calgary,16,14,0,0.5333333333333333,0.53
2,2010-05-04,post Wind-up,Part 1,Visionaries,West Division,Pass Group,3,Seattle,15,16,0,0.4838709677419355,0.438
2,2010-05-04,post Wind-up,Part 1,Visionaries,West Division,Pass Group,4,Denver,11,20,0,0.3548387096774194,0.41
2,2010-05-03,pre Wind-up,Part 1,Visionaries,West Division,Rush Group,1,Oakland,17,10,4,0.6296296296296297,0.472
2,2010-05-03,pre Wind-up,Part 1,Visionaries,West Division,Rush Group,1,Phoenix,17,10,3,0.6296296296296297,0.571
2,2010-05-03,pre Wind-up,Part 1,Visionaries,West Division,Rush Group,3,Los Angeles,16,14,1,0.5333333333333333,0.623
2,2010-05-03,pre Wind-up,Part 1,Visionaries,West Division,Rush Group,4,Tijuana,11,17,2,0.39285714285714285,0.37
2,2010-05-04,post Wind-up,Part 1,Visionaries,West Division,Rush Group,1,Phoenix,19,11,0,0.6333333333333333,0.571
2,2010-05-04,post Wind-up,Part 1,Visionaries,West Division,Rush Group,2,Oakland,18,13,0,0.5806451612903226,0.472
2,2010-05-04,post Wind-up,Part 1,Visionaries,West Division,Rush Group,3,Los Angeles,17,14,0,0.5483870967741935,0.623
2,2010-05-04,post Wind-up,Part 1,Visionaries,West Division,Rush Group,4,Tijuana,13,17,0,0.43333333333333335,0.37
2,2010-06-29,pre Wind-up,Part 2,Founders,East Division,Port Group,1,New Haven,43,33,3,0.5657894736842105,0.531
2,2010-06-29,pre Wind-up,Part 2,Founders,East Division,Port Group,2,New York,42,33,3,0.56,0.547
2,2010-06-29,pre Wind-up,Part 2,Founders,East Division,Port Group,3,Boston,41,37,1,0.5256410256410257,0.494
2,2010-06-29,pre Wind-up,Part 2,Founders,East Division,Port Group,4,Montreal,34,42,2,0.4473684210526316,0.481
2,2010-06-30,post Wind-up,Part 2,Founders,East Division,Port Group,1,New Haven,44,35,0,0.5569620253164557,0.531
2,2010-06-30,post Wind-up,Part 2,Founders,East Division,Port Group,2,New York,43,35,0,0.5512820512820513,0.547
2,2010-06-30,post Wind-up,Part 2,Founders,East Division,Port Group,3,Boston,42,37,0,0.5316455696202531,0.494
2,2010-06-30,post Wind-up,Part 2,Founders,East Division,Port Group,4,Montreal,36,42,0,0.46153846153846156,0.481
2,2010-06-29,pre Wind-up,Part 2,Founders,East Division,Canal Group,1,Toronto,45,34,0,0.569620253164557,0.571
2,2010-06-29,pre Wind-up,Part 2,Founders,East Division,Canal Group,2,"Washington, D.C.",36,40,3,0.47368421052631576,0.49
2,2010-06-29,pre Wind-up,Part 2,Founders,East Division,Canal Group,3,Pittsburgh,29,45,5,0.3918918918918919,0.389
2,2010-06-29,pre Wind-up,Part 2,Founders,East Division,Canal Group,4,Philadelphia,29,49,1,0.3717948717948718,0.426
2,2010-06-30,post Wind-up,Part 2,Founders,East Division,Canal Group,1,Toronto,45,34,0,0.569620253164557,0.571
2,2010-06-30,post Wind-up,Part 2,Founders,East Division,Canal Group,2,"Washington, D.C.",38,41,0,0.4810126582278481,0.49
2,2010-06-30,post Wind-up,Part 2,Founders,East Division,Canal Group,3,Philadelphia,30,49,0,0.379746835443038,0.426
2,2010-06-30,post Wind-up,Part 2,Founders,East Division,Canal Group,3,Pittsburgh,30,49,0,0.379746835443038,0.389
2,2010-06-29,pre Wind-up,Part 2,Founders,West Division,Aurora Group,1,Winnipeg,43,27,8,0.6142857142857143,0.531
2,2010-06-29,pre Wind-up,Part 2,Founders,West Division,Aurora Group,2,St. Paul,39,33,6,0.5416666666666666,0.457
2,2010-06-29,pre Wind-up,Part 2,Founders,West Division,Aurora Group,3,Chicago,34,38,6,0.4722222222222222,0.506
2,2010-06-29,pre Wind-up,Part 2,Founders,West Division,Aurora Group,4,St. Louis,34,41,3,0.4533333333333333,0.562
2,2010-06-30,post Wind-up,Part 2,Founders,West Division,Aurora Group,1,Winnipeg,47,31,0,0.6025641025641025,0.531
2,2010-06-30,post Wind-up,Part 2,Founders,West Division,Aurora Group,2,St. Paul,43,35,0,0.5512820512820513,0.457
2,2010-06-30,post Wind-up,Part 2,Founders,West Division,Aurora Group,3,Chicago,37,41,0,0.47435897435897434,0.506
2,2010-06-30,post Wind-up,Part 2,Founders,West Division,Aurora Group,3,St. Louis,37,41,0,0.47435897435897434,0.562
2,2010-06-29,pre Wind-up,Part 2,Founders,West Division,Rail Group,1,Columbus,41,31,6,0.5694444444444444,0.58
2,2010-06-29,pre Wind-up,Part 2,Founders,West Division,Rail Group,2,Akron,40,32,6,0.5555555555555556,0.525
2,2010-06-29,pre Wind-up,Part 2,Founders,West Division,Rail Group,3,Detroit,38,36,4,0.5135135135135135,0.5
2,2010-06-29,pre Wind-up,Part 2,Founders,West Division,Rail Group,4,Indianapolis,27,44,7,0.38028169014084506,0.253
2,2010-06-30,post Wind-up,Part 2,Founders,West Division,Rail Group,1,Columbus,44,34,0,0.5641025641025641,0.58
2,2010-06-30,post Wind-up,Part 2,Founders,West Division,Rail Group,2,Akron,42,36,0,0.5384615384615384,0.525
2,2010-06-30,post Wind-up,Part 2,Founders,West Division,Rail Group,3,Detroit,40,38,0,0.5128205128205128,0.5
2,2010-06-30,post Wind-up,Part 2,Founders,West Division,Rail Group,4,Indianapolis,29,49,0,0.3717948717948718,0.253
2,2010-06-29,pre Wind-up,Part 2,Visionaries,East Division,Ridge Group,1,Atlanta,41,33,4,0.5540540540540541,0.601
2,2010-06-29,pre Wind-up,Part 2,Visionaries,East Division,Ridge Group,2,Birmingham,36,40,2,0.47368421052631576,0.534
2,2010-06-29,pre Wind-up,Part 2,Visionaries,East Division,Ridge Group,3,Nashville,35,40,3,0.4666666666666667,0.466
2,2010-06-29,pre Wind-up,Part 2,Visionaries,East Division,Ridge Group,4,Charlotte,34,39,5,0.4657534246575342,0.491
2,2010-06-30,post Wind-up,Part 2,Visionaries,East Division,Ridge Group,1,Atlanta,44,34,0,0.5641025641025641,0.601
2,2010-06-30,post Wind-up,Part 2,Visionaries,East Division,Ridge Group,2,Charlotte,36,42,0,0.46153846153846156,0.491
2,2010-06-30,post Wind-up,Part 2,Visionaries,East Division,Ridge Group,2,Birmingham,36,42,0,0.46153846153846156,0.534
2,2010-06-30,post Wind-up,Part 2,Visionaries,East Division,Ridge Group,4,Nashville,35,43,0,0.44871794871794873,0.466
2,2010-06-29,pre Wind-up,Part 2,Visionaries,East Division,Desert Group,1,Merida,44,31,3,0.5866666666666667,0.565
2,2010-06-29,pre Wind-up,Part 2,Visionaries,East Division,Desert Group,2,Monterrey,41,36,2,0.5324675324675324,0.534
2,2010-06-29,pre Wind-up,Part 2,Visionaries,East Division,Desert Group,3,San Antonio,32,43,4,0.4266666666666667,0.509
2,2010-06-29,pre Wind-up,Part 2,Visionaries,East Division,Desert Group,4,Dallas,30,43,5,0.410958904109589,0.508
2,2010-06-30,post Wind-up,Part 2,Visionaries,East Division,Desert Group,1,Merida,45,33,0,0.5769230769230769,0.565
2,2010-06-30,post Wind-up,Part 2,Visionaries,East Division,Desert Group,2,Monterrey,42,37,0,0.5316455696202531,0.534
2,2010-06-30,post Wind-up,Part 2,Visionaries,East Division,Desert Group,3,San Antonio,35,44,0,0.4430379746835443,0.509
2,2010-06-30,post Wind-up,Part 2,Visionaries,East Division,Desert Group,4,Dallas,34,44,0,0.4358974358974359,0.508
2,2010-06-29,pre Wind-up,Part 2,Visionaries,West Division,Pass Group,1,Vancouver,41,35,4,0.5394736842105263,0.51
2,2010-06-29,pre Wind-up,Part 2,Visionaries,West Division,Pass Group,2,Calgary,36,42,0,0.46153846153846156,0.53
2,2010-06-29,pre Wind-up,Part 2,Visionaries,West Division,Pass Group,3,Seattle,31,38,10,0.4492753623188406,0.438
2,2010-06-29,pre Wind-up,Part 2,Visionaries,West Division,Pass Group,4,Denver,29,45,5,0.3918918918918919,0.41
2,2010-06-30,post Wind-up,Part 2,Visionaries,West Division,Pass Group,1,Vancouver,43,37,0,0.5375,0.51
2,2010-06-30,post Wind-up,Part 2,Visionaries,West Division,Pass Group,2,Calgary,36,42,0,0.46153846153846156,0.53
2,2010-06-30,post Wind-up,Part 2,Visionaries,West Division,Pass Group,3,Seattle,36,43,0,0.45569620253164556,0.438
2,2010-06-30,post Wind-up,Part 2,Visionaries,West Division,Pass Group,4,Denver,33,46,0,0.4177215189873418,0.41
2,2010-06-29,pre Wind-up,Part 2,Visionaries,West Division,Rush Group,1,Los Angeles,44,29,6,0.6027397260273972,0.623
2,2010-06-29,pre Wind-up,Part 2,Visionaries,West Division,Rush Group,2,Phoenix,43,31,4,0.581081081081081,0.571
2,2010-06-29,pre Wind-up,Part 2,Visionaries,West Division,Rush Group,3,Oakland,41,36,2,0.5324675324675324,0.472
2,2010-06-29,pre Wind-up,Part 2,Visionaries,West Division,Rush Group,4,Tijuana,37,34,7,0.5211267605633803,0.37
2,2010-06-30,post Wind-up,Part 2,Visionaries,West Division,Rush Group,1,Los Angeles,46,33,0,0.5822784810126582,0.623
2,2010-06-30,post Wind-up,Part 2,Visionaries,West Division,Rush Group,2,Phoenix,44,34,0,0.5641025641025641,0.571
2,2010-06-30,post Wind-up,Part 2,Visionaries,West Division,Rush Group,3,Oakland,42,37,0,0.5316455696202531,0.472
2,2010-06-30,post Wind-up,Part 2,Visionaries,West Division,Rush Group,4,Tijuana,41,37,0,0.5256410256410257,0.37
2,2010-08-12,pre Wind-up,Part 3,Founders,East Division,Port Group,1,New Haven,62,52,2,0.543859649122807,0.531
2,2010-08-12,pre Wind-up,Part 3,Founders,East Division,Port Group,2,Boston,59,53,4,0.5267857142857143,0.494
2,2010-08-12,pre Wind-up,Part 3,Founders,East Division,Port Group,3,New York,59,54,3,0.5221238938053098,0.547
2,2010-08-12,pre Wind-up,Part 3,Founders,East Division,Port Group,4,Montreal,52,62,2,0.45614035087719296,0.481
2,2010-08-13,post Wind-up,Part 3,Founders,East Division,Port Group,1,Boston,63,53,0,0.5431034482758621,0.494
2,2010-08-13,post Wind-up,Part 3,Founders,East Division,Port Group,1,New Haven,63,53,0,0.5431034482758621,0.531
2,2010-08-13,post Wind-up,Part 3,Founders,East Division,Port Group,3,New York,59,57,0,0.5086206896551724,0.547
2,2010-08-13,post Wind-up,Part 3,Founders,East Division,Port Group,4,Montreal,54,62,0,0.46551724137931033,0.481
2,2010-08-12,pre Wind-up,Part 3,Founders,East Division,Canal Group,1,Toronto,68,44,3,0.6071428571428571,0.571
2,2010-08-12,pre Wind-up,Part 3,Founders,East Division,Canal Group,2,"Washington, D.C.",56,59,2,0.48695652173913045,0.49
2,2010-08-12,pre Wind-up,Part 3,Founders,East Division,Canal Group,3,Philadelphia,48,68,0,0.41379310344827586,0.426
2,2010-08-12,pre Wind-up,Part 3,Founders,East Division,Canal Group,4,Pittsburgh,41,72,3,0.36283185840707965,0.389
2,2010-08-13,post Wind-up,Part 3,Founders,East Division,Canal Group,1,Toronto,70,45,0,0.6086956521739131,0.571
2,2010-08-13,post Wind-up,Part 3,Founders,East Division,Canal Group,2,"Washington, D.C.",58,59,0,0.49572649572649574,0.49
2,2010-08-13,post Wind-up,Part 3,Founders,East Division,Canal Group,3,Philadelphia,48,68,0,0.41379310344827586,0.426
2,2010-08-13,post Wind-up,Part 3,Founders,East Division,Canal Group,4,Pittsburgh,43,73,0,0.3706896551724138,0.389
2,2010-08-12,pre Wind-up,Part 3,Founders,West Division,Aurora Group,1,St. Paul,63,50,3,0.5575221238938053,0.457
2,2010-08-12,pre Wind-up,Part 3,Founders,West Division,Aurora Group,2,Winnipeg,62,51,3,0.5486725663716814,0.531
2,2010-08-12,pre Wind-up,Part 3,Founders,West Division,Aurora Group,3,St. Louis,60,53,3,0.5309734513274337,0.562
2,2010-08-12,pre Wind-up,Part 3,Founders,West Division,Aurora Group,4,Chicago,49,59,8,0.4537037037037037,0.506
2,2010-08-13,post Wind-up,Part 3,Founders,West Division,Aurora Group,1,St. Paul,64,52,0,0.5517241379310345,0.457
2,2010-08-13,post Wind-up,Part 3,Founders,West Division,Aurora Group,2,Winnipeg,63,53,0,0.5431034482758621,0.531
2,2010-08-13,post Wind-up,Part 3,Founders,West Division,Aurora Group,3,St. Louis,62,54,0,0.5344827586206896,0.562
2,2010-08-13,post Wind-up,Part 3,Founders,West Division,Aurora Group,4,Chicago,52,64,0,0.4482758620689655,0.506
2,2010-08-12,pre Wind-up,Part 3,Founders,West Division,Rail Group,1,Akron,65,48,3,0.5752212389380531,0.525
2,2010-08-12,pre Wind-up,Part 3,Founders,West Division,Rail Group,2,Columbus,62,53,1,0.5391304347826087,0.58
2,2010-08-12,pre Wind-up,Part 3,Founders,West Division,Rail Group,3,Detroit,60,55,1,0.5217391304347826,0.5
2,2010-08-12,pre Wind-up,Part 3,Founders,West Division,Rail Group,4,Indianapolis,39,72,5,0.35135135135135137,0.253
2,2010-08-13,post Wind-up,Part 3,Founders,West Division,Rail Group,1,Akron,67,49,0,0.5775862068965517,0.525
2,2010-08-13,post Wind-up,Part 3,Founders,West Division,Rail Group,2,Columbus,63,53,0,0.5431034482758621,0.58
2,2010-08-13,post Wind-up,Part 3,Founders,West Division,Rail Group,3,Detroit,60,56,0,0.5172413793103449,0.5
2,2010-08-13,post Wind-up,Part 3,Founders,West Division,Rail Group,4,Indianapolis,39,77,0,0.33620689655172414,0.253
2,2010-08-12,pre Wind-up,Part 3,Visionaries,East Division,Ridge Group,1,Atlanta,65,50,1,0.5652173913043478,0.601
2,2010-08-12,pre Wind-up,Part 3,Visionaries,East Division,Ridge Group,2,Birmingham,51,62,2,0.45132743362831856,0.534
2,2010-08-12,pre Wind-up,Part 3,Visionaries,East Division,Ridge Group,3,Charlotte,51,63,1,0.4473684210526316,0.491
2,2010-08-12,pre Wind-up,Part 3,Visionaries,East Division,Ridge Group,4,Nashville,48,64,4,0.42857142857142855,0.466
2,2010-08-13,post Wind-up,Part 3,Visionaries,East Division,Ridge Group,1,Atlanta,65,51,0,0.5603448275862069,0.601
2,2010-08-13,post Wind-up,Part 3,Visionaries,East Division,Ridge Group,2,Charlotte,51,64,0,0.4434782608695652,0.491
2,2010-08-13,post Wind-up,Part 3,Visionaries,East Division,Ridge Group,2,Birmingham,51,64,0,0.4434782608695652,0.534
2,2010-08-13,post Wind-up,Part 3,Visionaries,East Division,Ridge Group,4,Nashville,51,65,0,0.4396551724137931,0.466
2,2010-08-12,pre Wind-up,Part 3,Visionaries,East Division,Desert Group,1,Merida,66,47,3,0.584070796460177,0.565
2,2010-08-12,pre Wind-up,Part 3,Visionaries,East Division,Desert Group,2,Monterrey,62,51,3,0.5486725663716814,0.534
2,2010-08-12,pre Wind-up,Part 3,Visionaries,East Division,Desert Group,3,Dallas,52,62,2,0.45614035087719296,0.508
2,2010-08-12,pre Wind-up,Part 3,Visionaries,East Division,Desert Group,4,San Antonio,49,62,5,0.44144144144144143,0.509
2,2010-08-13,post Wind-up,Part 3,Visionaries,East Division,Desert Group,1,Merida,69,47,0,0.5948275862068966,0.565
2,2010-08-13,post Wind-up,Part 3,Visionaries,East Division,Desert Group,2,Monterrey,63,53,0,0.5431034482758621,0.534
2,2010-08-13,post Wind-up,Part 3,Visionaries,East Division,Desert Group,3,Dallas,53,63,0,0.45689655172413796,0.508
2,2010-08-13,post Wind-up,Part 3,Visionaries,East Division,Desert Group,4,San Antonio,51,65,0,0.4396551724137931,0.509
2,2010-08-12,pre Wind-up,Part 3,Visionaries,West Division,Pass Group,1,Vancouver,57,53,7,0.5181818181818182,0.51
2,2010-08-12,pre Wind-up,Part 3,Visionaries,West Division,Pass Group,2,Seattle,57,56,4,0.504424778761062,0.438
2,2010-08-12,pre Wind-up,Part 3,Visionaries,West Division,Pass Group,3,Denver,51,62,3,0.45132743362831856,0.41
2,2010-08-12,pre Wind-up,Part 3,Visionaries,West Division,Pass Group,4,Calgary,43,66,7,0.3944954128440367,0.53
2,2010-08-13,post Wind-up,Part 3,Visionaries,West Division,Pass Group,1,Vancouver,61,56,0,0.5213675213675214,0.51
2,2010-08-13,post Wind-up,Part 3,Visionaries,West Division,Pass Group,2,Seattle,58,59,0,0.49572649572649574,0.438
2,2010-08-13,post Wind-up,Part 3,Visionaries,West Division,Pass Group,3,Denver,52,64,0,0.4482758620689655,0.41
2,2010-08-13,post Wind-up,Part 3,Visionaries,West Division,Pass Group,4,Calgary,47,69,0,0.4051724137931034,0.53
2,2010-08-12,pre Wind-up,Part 3,Visionaries,West Division,Rush Group,1,Phoenix,69,43,4,0.6160714285714286,0.571
2,2010-08-12,pre Wind-up,Part 3,Visionaries,West Division,Rush Group,2,Los Angeles,66,48,2,0.5789473684210527,0.623
2,2010-08-12,pre Wind-up,Part 3,Visionaries,West Division,Rush Group,3,Oakland,64,52,0,0.5517241379310345,0.472
2,2010-08-12,pre Wind-up,Part 3,Visionaries,West Division,Rush Group,4,Tijuana,52,62,2,0.45614035087719296,0.37
2,2010-08-13,post Wind-up,Part 3,Visionaries,West Division,Rush Group,1,Phoenix,70,46,0,0.603448275862069,0.571
2,2010-08-13,post Wind-up,Part 3,Visionaries,West Division,Rush Group,2,Los Angeles,68,48,0,0.5862068965517241,0.623
2,2010-08-13,post Wind-up,Part 3,Visionaries,West Division,Rush Group,3,Oakland,64,52,0,0.5517241379310345,0.472
2,2010-08-13,post Wind-up,Part 3,Visionaries,West Division,Rush Group,4,Tijuana,54,62,0,0.46551724137931033,0.37
2,2010-09-25,pre Wind-up,Part 4,Founders,East Division,Port Group,1,Boston,83,70,3,0.5424836601307189,0.494
2,2010-09-25,pre Wind-up,Part 4,Founders,East Division,Port Group,2,New Haven,79,71,6,0.5266666666666666,0.531
2,2010-09-25,pre Wind-up,Part 4,Founders,East Division,Port Group,3,New York,78,75,3,0.5098039215686274,0.547
2,2010-09-25,pre Wind-up,Part 4,Founders,East Division,Port Group,4,Montreal,72,80,4,0.47368421052631576,0.481
2,2010-09-26,post Wind-up,Part 4,Founders,East Division,Port Group,1,Boston,83,73,0,0.532051282051282,0.494
2,2010-09-26,post Wind-up,Part 4,Founders,East Division,Port Group,2,New Haven,82,74,0,0.5256410256410257,0.531
2,2010-09-26,post Wind-up,Part 4,Founders,East Division,Port Group,3,New York,81,75,0,0.5192307692307693,0.547
2,2010-09-26,post Wind-up,Part 4,Founders,East Division,Port Group,4,Montreal,74,82,0,0.47435897435897434,0.481
2,2010-09-25,pre Wind-up,Part 4,Founders,East Division,Canal Group,1,Toronto,91,63,2,0.5909090909090909,0.571
2,2010-09-25,pre Wind-up,Part 4,Founders,East Division,Canal Group,2,"Washington, D.C.",74,78,4,0.4868421052631579,0.49
2,2010-09-25,pre Wind-up,Part 4,Founders,East Division,Canal Group,3,Philadelphia,66,84,6,0.44,0.426
2,2010-09-25,pre Wind-up,Part 4,Founders,East Division,Canal Group,4,Pittsburgh,57,92,7,0.3825503355704698,0.389
2,2010-09-26,post Wind-up,Part 4,Founders,East Division,Canal Group,1,Toronto,92,64,0,0.5897435897435898,0.571
2,2010-09-26,post Wind-up,Part 4,Founders,East Division,Canal Group,2,"Washington, D.C.",77,79,0,0.4935897435897436,0.49
2,2010-09-26,post Wind-up,Part 4,Founders,East Division,Canal Group,3,Philadelphia,68,88,0,0.4358974358974359,0.426
2,2010-09-26,post Wind-up,Part 4,Founders,East Division,Canal Group,4,Pittsburgh,58,98,0,0.3717948717948718,0.389
2,2010-09-25,pre Wind-up,Part 4,Founders,West Division,Aurora Group,1,St. Paul,85,69,2,0.551948051948052,0.457
2,2010-09-25,pre Wind-up,Part 4,Founders,West Division,Aurora Group,2,Winnipeg,83,69,4,0.5460526315789473,0.531
2,2010-09-25,pre Wind-up,Part 4,Founders,West Division,Aurora Group,3,St. Louis,77,78,1,0.4967741935483871,0.562
2,2010-09-25,pre Wind-up,Part 4,Founders,West Division,Aurora Group,4,Chicago,72,80,4,0.47368421052631576,0.506
2,2010-09-26,post Wind-up,Part 4,Founders,West Division,Aurora Group,1,St. Paul,86,70,0,0.5512820512820513,0.457
2,2010-09-26,post Wind-up,Part 4,Founders,West Division,Aurora Group,2,Winnipeg,85,71,0,0.5448717948717948,0.531
2,2010-09-26,post Wind-up,Part 4,Founders,West Division,Aurora Group,3,St. Louis,78,78,0,0.5,0.562
2,2010-09-26,post Wind-up,Part 4,Founders,West Division,Aurora Group,4,Chicago,76,80,0,0.48717948717948717,0.506
2,2010-09-25,pre Wind-up,Part 4,Founders,West Division,Rail Group,1,Akron,92,63,1,0.5935483870967742,0.525
2,2010-09-25,pre Wind-up,Part 4,Founders,West Division,Rail Group,2,Columbus,82,71,3,0.5359477124183006,0.58
2,2010-09-25,pre Wind-up,Part 4,Founders,West Division,Rail Group,3,Detroit,79,76,1,0.5096774193548387,0.5
2,2010-09-25,pre Wind-up,Part 4,Founders,West Division,Rail Group,4,Indianapolis,50,101,5,0.33112582781456956,0.253
2,2010-09-26,post Wind-up,Part 4,Founders,West Division,Rail Group,1,Akron,92,64,0,0.5897435897435898,0.525
2,2010-09-26,post Wind-up,Part 4,Founders,West Division,Rail Group,2,Columbus,83,73,0,0.532051282051282,0.58
2,2010-09-26,post Wind-up,Part 4,Founders,West Division,Rail Group,3,Detroit,80,76,0,0.5128205128205128,0.5
2,2010-09-26,post Wind-up,Part 4,Founders,West Division,Rail Group,4,Indianapolis,53,103,0,0.33974358974358976,0.253
2,2010-09-25,pre Wind-up,Part 4,Visionaries,East Division,Ridge Group,1,Atlanta,82,67,7,0.5503355704697986,0.601
2,2010-09-25,pre Wind-up,Part 4,Visionaries,East Division,Ridge Group,2,Nashville,71,81,4,0.46710526315789475,0.466
2,2010-09-25,pre Wind-up,Part 4,Visionaries,East Division,Ridge Group,3,Charlotte,70,80,6,0.4666666666666667,0.491
2,2010-09-25,pre Wind-up,Part 4,Visionaries,East Division,Ridge Group,4,Birmingham,67,83,6,0.44666666666666666,0.534
2,2010-09-26,post Wind-up,Part 4,Visionaries,East Division,Ridge Group,1,Atlanta,87,69,0,0.5576923076923077,0.601
2,2010-09-26,post Wind-up,Part 4,Visionaries,East Division,Ridge Group,2,Charlotte,74,82,0,0.47435897435897434,0.491
2,2010-09-26,post Wind-up,Part 4,Visionaries,East Division,Ridge Group,3,Nashville,72,84,0,0.46153846153846156,0.466
2,2010-09-26,post Wind-up,Part 4,Visionaries,East Division,Ridge Group,4,Birmingham,70,86,0,0.44871794871794873,0.534
2,2010-09-25,pre Wind-up,Part 4,Visionaries,East Division,Desert Group,1,Merida,89,64,3,0.5816993464052288,0.565
2,2010-09-25,pre Wind-up,Part 4,Visionaries,East Division,Desert Group,2,Monterrey,81,72,3,0.5294117647058824,0.534
2,2010-09-25,pre Wind-up,Part 4,Visionaries,East Division,Desert Group,3,Dallas,71,83,2,0.461038961038961,0.508
2,2010-09-25,pre Wind-up,Part 4,Visionaries,East Division,Desert Group,4,San Antonio,68,84,4,0.4473684210526316,0.509
2,2010-09-26,post Wind-up,Part 4,Visionaries,East Division,Desert Group,1,Merida,91,65,0,0.5833333333333334,0.565
2,2010-09-26,post Wind-up,Part 4,Visionaries,East Division,Desert Group,2,Monterrey,82,74,0,0.5256410256410257,0.534
2,2010-09-26,post Wind-up,Part 4,Visionaries,East Division,Desert Group,3,Dallas,72,84,0,0.46153846153846156,0.508
2,2010-09-26,post Wind-up,Part 4,Visionaries,East Division,Desert Group,4,San Antonio,69,87,0,0.4423076923076923,0.509
2,2010-09-25,pre Wind-up,Part 4,Visionaries,West Division,Pass Group,1,Vancouver,77,73,6,0.5133333333333333,0.51
2,2010-09-25,pre Wind-up,Part 4,Visionaries,West Division,Pass Group,2,Seattle,76,74,6,0.5066666666666667,0.438
2,2010-09-25,pre Wind-up,Part 4,Visionaries,West Division,Pass Group,3,Denver,65,85,6,0.43333333333333335,0.41
2,2010-09-25,pre Wind-up,Part 4,Visionaries,West Division,Pass Group,4,Calgary,65,86,5,0.4304635761589404,0.53
2,2010-09-26,post Wind-up,Part 4,Visionaries,West Division,Pass Group,1,Vancouver,81,75,0,0.5192307692307693,0.51
2,2010-09-26,post Wind-up,Part 4,Visionaries,West Division,Pass Group,2,Seattle,77,79,0,0.4935897435897436,0.438
2,2010-09-26,post Wind-up,Part 4,Visionaries,West Division,Pass Group,3,Calgary,68,88,0,0.4358974358974359,0.53
2,2010-09-26,post Wind-up,Part 4,Visionaries,West Division,Pass Group,4,Denver,67,89,0,0.42948717948717946,0.41
2,2010-09-25,pre Wind-up,Part 4,Visionaries,West Division,Rush Group,1,Phoenix,92,62,2,0.5974025974025974,0.571
2,2010-09-25,pre Wind-up,Part 4,Visionaries,West Division,Rush Group,2,Los Angeles,89,63,4,0.5855263157894737,0.623
2,2010-09-25,pre Wind-up,Part 4,Visionaries,West Division,Rush Group,3,Oakland,78,75,3,0.5098039215686274,0.472
2,2010-09-25,pre Wind-up,Part 4,Visionaries,West Division,Rush Group,4,Tijuana,72,81,3,0.47058823529411764,0.37
2,2010-09-26,post Wind-up,Part 4,Visionaries,West Division,Rush Group,1,Los Angeles,93,63,0,0.5961538461538461,0.623
2,2010-09-26,post Wind-up,Part 4,Visionaries,West Division,Rush Group,2,Phoenix,92,64,0,0.5897435897435898,0.571
2,2010-09-26,post Wind-up,Part 4,Visionaries,West Division,Rush Group,3,Oakland,79,77,0,0.5064102564102564,0.472
2,2010-09-26,post Wind-up,Part 4,Visionaries,West Division,Rush Group,4,Tijuana,74,82,0,0.47435897435897434,0.37
3,2010-05-03,pre Wind-up,Part 1,Founders,East Division,Port Group,1,New York,20,11,0,0.6451612903225806,0.58
3,2010-05-03,pre Wind-up,Part 1,Founders,East Division,Port Group,2,New Haven,16,11,4,0.5925925925925926,0.525
3,2010-05-03,pre Wind-up,Part 1,Founders,East Division,Port Group,3,Boston,15,13,3,0.5357142857142857,0.547
3,2010-05-03,pre Wind-up,Part 1,Founders,East Division,Port Group,4,Montreal,6,22,3,0.21428571428571427,0.457
3,2010-05-04,post Wind-up,Part 1,Founders,East Division,Port Group,1,New York,20,11,0,0.6451612903225806,0.58
3,2010-05-04,post Wind-up,Part 1,Founders,East Division,Port Group,2,New Haven,18,13,0,0.5806451612903226,0.525
3,2010-05-04,post Wind-up,Part 1,Founders,East Division,Port Group,3,Boston,17,14,0,0.5483870967741935,0.547
3,2010-05-04,post Wind-up,Part 1,Founders,East Division,Port Group,4,Montreal,6,25,0,0.1935483870967742,0.457
3,2010-05-03,pre Wind-up,Part 1,Founders,East Division,Canal Group,1,Pittsburgh,18,10,2,0.6428571428571429,0.571
3,2010-05-03,pre Wind-up,Part 1,Founders,East Division,Canal Group,2,Philadelphia,15,12,3,0.5555555555555556,0.494
3,2010-05-03,pre Wind-up,Part 1,Founders,East Division,Canal Group,3,"Washington, D.C.",14,14,2,0.5,0.562
3,2010-05-03,pre Wind-up,Part 1,Founders,East Division,Canal Group,4,Toronto,13,15,2,0.4642857142857143,0.253
3,2010-05-04,post Wind-up,Part 1,Founders,East Division,Canal Group,1,Pittsburgh,20,10,0,0.6666666666666666,0.571
3,2010-05-04,post Wind-up,Part 1,Founders,East Division,Canal Group,2,Philadelphia,17,13,0,0.5666666666666667,0.494
3,2010-05-04,post Wind-up,Part 1,Founders,East Division,Canal Group,3,"Washington, D.C.",15,15,0,0.5,0.562
3,2010-05-04,post Wind-up,Part 1,Founders,East Division,Canal Group,4,Toronto,13,17,0,0.43333333333333335,0.253
3,2010-05-03,pre Wind-up,Part 1,Founders,West Division,Aurora Group,1,Chicago,18,12,1,0.6,0.531
3,2010-05-03,pre Wind-up,Part 1,Founders,West Division,Aurora Group,2,St. Louis,15,13,3,0.5357142857142857,0.506
3,2010-05-03,pre Wind-up,Part 1,Founders,West Division,Aurora Group,3,St. Paul,13,15,3,0.4642857142857143,0.426
3,2010-05-03,pre Wind-up,Part 1,Founders,West Division,Aurora Group,4,Winnipeg,11,17,3,0.39285714285714285,0.481
3,2010-05-04,post Wind-up,Part 1,Founders,West Division,Aurora Group,1,Chicago,18,13,0,0.5806451612903226,0.531
3,2010-05-04,post Wind-up,Part 1,Founders,West Division,Aurora Group,2,St. Louis,17,14,0,0.5483870967741935,0.506
3,2010-05-04,post Wind-up,Part 1,Founders,West Division,Aurora Group,3,Winnipeg,14,17,0,0.45161290322580644,0.481
3,2010-05-04,post Wind-up,Part 1,Founders,West Division,Aurora Group,3,St. Paul,14,17,0,0.45161290322580644,0.426
3,2010-05-03,pre Wind-up,Part 1,Founders,West Division,Rail Group,1,Akron,20,11,0,0.6451612903225806,0.531
3,2010-05-03,pre Wind-up,Part 1,Founders,West Division,Rail Group,2,Columbus,13,17,2,0.43333333333333335,0.389
3,2010-05-03,pre Wind-up,Part 1,Founders,West Division,Rail Group,3,Detroit,12,19,1,0.3870967741935484,0.49
3,2010-05-03,pre Wind-up,Part 1,Founders,West Division,Rail Group,3,Indianapolis,12,19,0,0.3870967741935484,0.5
3,2010-05-04,post Wind-up,Part 1,Founders,West Division,Rail Group,1,Akron,20,11,0,0.6451612903225806,0.531
3,2010-05-04,post Wind-up,Part 1,Founders,West Division,Rail Group,2,Detroit,13,19,0,0.40625,0.49
3,2010-05-04,post Wind-up,Part 1,Founders,West Division,Rail Group,2,Columbus,13,19,0,0.40625,0.389
3,2010-05-04,post Wind-up,Part 1,Founders,West Division,Rail Group,4,Indianapolis,12,19,0,0.3870967741935484,0.5
3,2010-05-03,pre Wind-up,Part 1,Visionaries,East Division,Ridge Group,1,Atlanta,16,13,2,0.5517241379310345,0.491
3,2010-05-03,pre Wind-up,Part 1,Visionaries,East Division,Ridge Group,2,Nashville,15,14,2,0.5172413793103449,0.472
3,2010-05-03,pre Wind-up,Part 1,Visionaries,East Division,Ridge Group,2,Birmingham,15,14,2,0.5172413793103449,0.438
3,2010-05-03,pre Wind-up,Part 1,Visionaries,East Division,Ridge Group,4,Charlotte,12,16,3,0.42857142857142855,0.571
3,2010-05-04,post Wind-up,Part 1,Visionaries,East Division,Ridge Group,1,Nashville,17,14,0,0.5483870967741935,0.472
3,2010-05-04,post Wind-up,Part 1,Visionaries,East Division,Ridge Group,1,Birmingham,17,14,0,0.5483870967741935,0.438
3,2010-05-04,post Wind-up,Part 1,Visionaries,East Division,Ridge Group,3,Atlanta,16,15,0,0.5161290322580645,0.491
3,2010-05-04,post Wind-up,Part 1,Visionaries,East Division,Ridge Group,4,Charlotte,13,18,0,0.41935483870967744,0.571
3,2010-05-03,pre Wind-up,Part 1,Visionaries,East Division,Desert Group,1,Monterrey,15,14,2,0.5172413793103449,0.508
3,2010-05-03,pre Wind-up,Part 1,Visionaries,East Division,Desert Group,2,Dallas,14,14,3,0.5,0.51
3,2010-05-03,pre Wind-up,Part 1,Visionaries,East Division,Desert Group,3,Merida,11,17,3,0.39285714285714285,0.41
3,2010-05-03,pre Wind-up,Part 1,Visionaries,East Division,Desert Group,4,San Antonio,11,20,0,0.3548387096774194,0.37
3,2010-05-04,post Wind-up,Part 1,Visionaries,East Division,Desert Group,1,Monterrey,16,15,0,0.5161290322580645,0.508
3,2010-05-04,post Wind-up,Part 1,Visionaries,East Division,Desert Group,2,Dallas,15,16,0,0.4838709677419355,0.51
3,2010-05-04,post Wind-up,Part 1,Visionaries,East Division,Desert Group,3,Merida,12,19,0,0.3870967741935484,0.41
3,2010-05-04,post Wind-up,Part 1,Visionaries,East Division,Desert Group,4,San Antonio,11,20,0,0.3548387096774194,0.37
3,2010-05-03,pre Wind-up,Part 1,Visionaries,West Division,Pass Group,1,Vancouver,18,11,1,0.6206896551724138,0.53
3,2010-05-03,pre Wind-up,Part 1,Visionaries,West Division,Pass Group,2,Calgary,15,13,2,0.5357142857142857,0.534
3,2010-05-03,pre Wind-up,Part 1,Visionaries,West Division,Pass Group,3,Denver,11,16,3,0.4074074074074074,0.601
3,2010-05-03,pre Wind-up,Part 1,Visionaries,West Division,Pass Group,3,Seattle,11,16,3,0.4074074074074074,0.466
3,2010-05-04,post Wind-up,Part 1,Visionaries,West Division,Pass Group,1,Vancouver,19,11,0,0.6333333333333333,0.53
3,2010-05-04,post Wind-up,Part 1,Visionaries,West Division,Pass Group,2,Calgary,16,14,0,0.5333333333333333,0.534
3,2010-05-04,post Wind-up,Part 1,Visionaries,West Division,Pass Group,3,Denver,12,18,0,0.4,0.601
3,2010-05-04,post Wind-up,Part 1,Visionaries,West Division,Pass Group,3,Seattle,12,18,0,0.4,0.466
3,2010-05-03,pre Wind-up,Part 1,Visionaries,West Division,Rush Group,1,Phoenix,21,10,0,0.6774193548387096,0.534
3,2010-05-03,pre Wind-up,Part 1,Visionaries,West Division,Rush Group,2,Oakland,17,12,2,0.5862068965517241,0.509
3,2010-05-03,pre Wind-up,Part 1,Visionaries,West Division,Rush Group,3,Los Angeles,16,13,2,0.5517241379310345,0.565
3,2010-05-03,pre Wind-up,Part 1,Visionaries,West Division,Rush Group,4,Tijuana,12,17,2,0.41379310344827586,0.623
3,2010-05-04,post Wind-up,Part 1,Visionaries,West Division,Rush Group,1,Phoenix,21,10,0,0.6774193548387096,0.534
3,2010-05-04,post Wind-up,Part 1,Visionaries,West Division,Rush Group,2,Oakland,19,12,0,0.6129032258064516,0.509
3,2010-05-04,post Wind-up,Part 1,Visionaries,West Division,Rush Group,3,Los Angeles,17,14,0,0.5483870967741935,0.565
3,2010-05-04,post Wind-up,Part 1,Visionaries,West Division,Rush Group,4,Tijuana,13,18,0,0.41935483870967744,0.623
3,2010-06-29,pre Wind-up,Part 2,Founders,East Division,Port Group,1,Boston,44,27,8,0.6197183098591549,0.547
3,2010-06-29,pre Wind-up,Part 2,Founders,East Division,Port Group,2,New Haven,43,33,3,0.5657894736842105,0.525
3,2010-06-29,pre Wind-up,Part 2,Founders,East Division,Port Group,3,New York,41,34,4,0.5466666666666666,0.58
3,2010-06-29,pre Wind-up,Part 2,Founders,East Division,Port Group,4,Montreal,26,48,5,0.35135135135135137,0.457
3,2010-06-30,post Wind-up,Part 2,Founders,East Division,Port Group,1,Boston,48,31,0,0.6075949367088608,0.547
3,2010-06-30,post Wind-up,Part 2,Founders,East Division,Port Group,2,New Haven,45,34,0,0.569620253164557,0.525
3,2010-06-30,post Wind-up,Part 2,Founders,East Division,Port Group,3,New York,41,38,0,0.5189873417721519,0.58
3,2010-06-30,post Wind-up,Part 2,Founders,East Division,Port Group,4,Montreal,29,50,0,0.3670886075949367,0.457
3,2010-06-29,pre Wind-up,Part 2,Founders,East Division,Canal Group,1,Pittsburgh,41,32,5,0.5616438356164384,0.571
3,2010-06-29,pre Wind-up,Part 2,Founders,East Division,Canal Group,2,Philadelphia,39,35,4,0.527027027027027,0.494
3,2010-06-29,pre Wind-up,Part 2,Founders,East Division,Canal Group,3,"Washington, D.C.",36,35,7,0.5070422535211268,0.562
3,2010-06-29,pre Wind-up,Part 2,Founders,East Division,Canal Group,4,Toronto,28,46,4,0.3783783783783784,0.253
3,2010-06-30,post Wind-up,Part 2,Founders,East Division,Canal Group,1,Pittsburgh,44,34,0,0.5641025641025641,0.571
3,2010-06-30,post Wind-up,Part 2,Founders,East Division,Canal Group,2,"Washington, D.C.",41,37,0,0.5256410256410257,0.562
3,2010-06-30,post Wind-up,Part 2,Founders,East Division,Canal Group,3,Philadelphia,40,38,0,0.5128205128205128,0.494
3,2010-06-30,post Wind-up,Part 2,Founders,East Division,Canal Group,4,Toronto,30,48,0,0.38461538461538464,0.253
3,2010-06-29,pre Wind-up,Part 2,Founders,West Division,Aurora Group,1,Chicago,38,36,5,0.5135135135135135,0.531
3,2010-06-29,pre Wind-up,Part 2,Founders,West Division,Aurora Group,2,St. Louis,39,37,3,0.5131578947368421,0.506
3,2010-06-29,pre Wind-up,Part 2,Founders,West Division,Aurora Group,3,St. Paul,33,44,2,0.42857142857142855,0.426
3,2010-06-29,pre Wind-up,Part 2,Founders,West Division,Aurora Group,4,Winnipeg,29,43,7,0.4027777777777778,0.481
3,2010-06-30,post Wind-up,Part 2,Founders,West Division,Aurora Group,1,Chicago,41,38,0,0.5189873417721519,0.531
3,2010-06-30,post Wind-up,Part 2,Founders,West Division,Aurora Group,1,St. Louis,41,38,0,0.5189873417721519,0.506
3,2010-06-30,post Wind-up,Part 2,Founders,West Division,Aurora Group,3,St. Paul,34,45,0,0.43037974683544306,0.426
3,2010-06-30,post Wind-up,Part 2,Founders,West Division,Aurora Group,4,Winnipeg,33,46,0,0.4177215189873418,0.481
3,2010-06-29,pre Wind-up,Part 2,Founders,West Division,Rail Group,1,Akron,49,25,5,0.6621621621621622,0.531
3,2010-06-29,pre Wind-up,Part 2,Founders,West Division,Rail Group,2,Indianapolis,37,38,4,0.49333333333333335,0.5
3,2010-06-29,pre Wind-up,Part 2,Founders,West Division,Rail Group,3,Detroit,38,40,2,0.48717948717948717,0.49
3,2010-06-29,pre Wind-up,Part 2,Founders,West Division,Rail Group,4,Columbus,33,41,6,0.44594594594594594,0.389
3,2010-06-30,post Wind-up,Part 2,Founders,West Division,Rail Group,1,Akron,51,28,0,0.6455696202531646,0.531
3,2010-06-30,post Wind-up,Part 2,Founders,West Division,Rail Group,2,Indianapolis,40,39,0,0.5063291139240507,0.5
3,2010-06-30,post Wind-up,Part 2,Founders,West Division,Rail Group,3,Detroit,38,42,0,0.475,0.49
3,2010-06-30,post Wind-up,Part 2,Founders,West Division,Rail Group,4,Columbus,35,45,0,0.4375,0.389
3,2010-06-29,pre Wind-up,Part 2,Visionaries,East Division,Ridge Group,1,Atlanta,41,35,3,0.5394736842105263,0.491
3,2010-06-29,pre Wind-up,Part 2,Visionaries,East Division,Ridge Group,2,Charlotte,39,35,5,0.527027027027027,0.571
3,2010-06-29,pre Wind-up,Part 2,Visionaries,East Division,Ridge Group,3,Birmingham,40,36,3,0.5263157894736842,0.438
3,2010-06-29,pre Wind-up,Part 2,Visionaries,East Division,Ridge Group,4,Nashville,36,37,6,0.4931506849315068,0.472
3,2010-06-30,post Wind-up,Part 2,Visionaries,East Division,Ridge Group,1,Atlanta,42,37,0,0.5316455696202531,0.491
3,2010-06-30,post Wind-up,Part 2,Visionaries,East Division,Ridge Group,2,Charlotte,41,38,0,0.5189873417721519,0.571
3,2010-06-30,post Wind-up,Part 2,Visionaries,East Division,Ridge Group,2,Birmingham,41,38,0,0.5189873417721519,0.438
3,2010-06-30,post Wind-up,Part 2,Visionaries,East Division,Ridge Group,4,Nashville,40,39,0,0.5063291139240507,0.472
3,2010-06-29,pre Wind-up,Part 2,Visionaries,East Division,Desert Group,1,Monterrey,39,36,4,0.52,0.508
3,2010-06-29,pre Wind-up,Part 2,Visionaries,East Division,Desert Group,2,Dallas,34,39,6,0.4657534246575342,0.51
3,2010-06-29,pre Wind-up,Part 2,Visionaries,East Division,Desert Group,3,Merida,33,42,4,0.44,0.41
3,2010-06-29,pre Wind-up,Part 2,Visionaries,East Division,Desert Group,4,San Antonio,30,46,3,0.39473684210526316,0.37
3,2010-06-30,post Wind-up,Part 2,Visionaries,East Division,Desert Group,1,Monterrey,41,38,0,0.5189873417721519,0.508
3,2010-06-30,post Wind-up,Part 2,Visionaries,East Division,Desert Group,2,Dallas,37,42,0,0.46835443037974683,0.51
3,2010-06-30,post Wind-up,Part 2,Visionaries,East Division,Desert Group,3,Merida,35,44,0,0.4430379746835443,0.41
3,2010-06-30,post Wind-up,Part 2,Visionaries,East Division,Desert Group,4,San Antonio,32,47,0,0.4050632911392405,0.37
3,2010-06-29,pre Wind-up,Part 2,Visionaries,West Division,Pass Group,1,Vancouver,44,31,3,0.5866666666666667,0.53
3,2010-06-29,pre Wind-up,Part 2,Visionaries,West Division,Pass Group,2,Calgary,39,37,2,0.5131578947368421,0.534
3,2010-06-29,pre Wind-up,Part 2,Visionaries,West Division,Pass Group,3,Denver,28,42,8,0.4,0.601
3,2010-06-29,pre Wind-up,Part 2,Visionaries,West Division,Pass Group,4,Seattle,29,45,4,0.3918918918918919,0.466
3,2010-06-30,post Wind-up,Part 2,Visionaries,West Division,Pass Group,1,Vancouver,44,34,0,0.5641025641025641,0.53
3,2010-06-30,post Wind-up,Part 2,Visionaries,West Division,Pass Group,2,Calgary,39,39,0,0.5,0.534
3,2010-06-30,post Wind-up,Part 2,Visionaries,West Division,Pass Group,3,Seattle,31,47,0,0.3974358974358974,0.466
3,2010-06-30,post Wind-up,Part 2,Visionaries,West Division,Pass Group,4,Denver,29,49,0,0.3717948717948718,0.601
3,2010-06-29,pre Wind-up,Part 2,Visionaries,West Division,Rush Group,1,Phoenix,47,25,7,0.6527777777777778,0.534
3,2010-06-29,pre Wind-up,Part 2,Visionaries,West Division,Rush Group,2,Los Angeles,41,35,3,0.5394736842105263,0.565
3,2010-06-29,pre Wind-up,Part 2,Visionaries,West Division,Rush Group,3,Tijuana,40,36,3,0.5263157894736842,0.623
3,2010-06-29,pre Wind-up,Part 2,Visionaries,West Division,Rush Group,4,Oakland,36,39,4,0.48,0.509
3,2010-06-30,post Wind-up,Part 2,Visionaries,West Division,Rush Group,1,Phoenix,54,25,0,0.6835443037974683,0.534
3,2010-06-30,post Wind-up,Part 2,Visionaries,West Division,Rush Group,2,Los Angeles,44,35,0,0.5569620253164557,0.565
3,2010-06-30,post Wind-up,Part 2,Visionaries,West Division,Rush Group,3,Tijuana,42,37,0,0.5316455696202531,0.623
3,2010-06-30,post Wind-up,Part 2,Visionaries,West Division,Rush Group,4,Oakland,38,41,0,0.4810126582278481,0.509
3,2010-08-12,pre Wind-up,Part 3,Founders,East Division,Port Group,1,Boston,69,44,3,0.6106194690265486,0.547
3,2010-08-12,pre Wind-up,Part 3,Founders,East Division,Port Group,2,New Haven,65,45,6,0.5909090909090909,0.525
3,2010-08-12,pre Wind-up,Part 3,Founders,East Division,Port Group,3,New York,63,50,3,0.5575221238938053,0.58
3,2010-08-12,pre Wind-up,Part 3,Founders,East Division,Port Group,4,Montreal,47,65,4,0.41964285714285715,0.457
3,2010-08-13,post Wind-up,Part 3,Founders,East Division,Port Group,1,Boston,71,45,0,0.6120689655172413,0.547
3,2010-08-13,post Wind-up,Part 3,Founders,East Division,Port Group,2,New Haven,69,47,0,0.5948275862068966,0.525
3,2010-08-13,post Wind-up,Part 3,Founders,East Division,Port Group,3,New York,64,52,0,0.5517241379310345,0.58
3,2010-08-13,post Wind-up,Part 3,Founders,East Division,Port Group,4,Montreal,50,66,0,0.43103448275862066,0.457
3,2010-08-12,pre Wind-up,Part 3,Founders,East Division,Canal Group,1,Pittsburgh,64,50,2,0.5614035087719298,0.571
3,2010-08-12,pre Wind-up,Part 3,Founders,East Division,Canal Group,2,"Washington, D.C.",61,50,4,0.5495495495495496,0.562
3,2010-08-12,pre Wind-up,Part 3,Founders,East Division,Canal Group,3,Philadelphia,59,55,1,0.5175438596491229,0.494
3,2010-08-12,pre Wind-up,Part 3,Founders,East Division,Canal Group,4,Toronto,44,72,0,0.3793103448275862,0.253
3,2010-08-13,post Wind-up,Part 3,Founders,East Division,Canal Group,1,Pittsburgh,65,51,0,0.5603448275862069,0.571
3,2010-08-13,post Wind-up,Part 3,Founders,East Division,Canal Group,2,"Washington, D.C.",63,52,0,0.5478260869565217,0.562
3,2010-08-13,post Wind-up,Part 3,Founders,East Division,Canal Group,3,Philadelphia,59,56,0,0.5130434782608696,0.494
3,2010-08-13,post Wind-up,Part 3,Founders,East Division,Canal Group,4,Toronto,44,72,0,0.3793103448275862,0.253
3,2010-08-12,pre Wind-up,Part 3,Founders,West Division,Aurora Group,1,Chicago,64,49,3,0.5663716814159292,0.531
3,2010-08-12,pre Wind-up,Part 3,Founders,West Division,Aurora Group,2,St. Louis,60,53,3,0.5309734513274337,0.506
3,2010-08-12,pre Wind-up,Part 3,Founders,West Division,Aurora Group,3,St. Paul,46,67,3,0.40707964601769914,0.426
3,2010-08-12,pre Wind-up,Part 3,Founders,West Division,Aurora Group,4,Winnipeg,45,67,4,0.4017857142857143,0.481
3,2010-08-13,post Wind-up,Part 3,Founders,West Division,Aurora Group,1,Chicago,66,50,0,0.5689655172413793,0.531
3,2010-08-13,post Wind-up,Part 3,Founders,West Division,Aurora Group,2,St. Louis,62,54,0,0.5344827586206896,0.506
3,2010-08-13,post Wind-up,Part 3,Founders,West Division,Aurora Group,3,St. Paul,48,68,0,0.41379310344827586,0.426
3,2010-08-13,post Wind-up,Part 3,Founders,West Division,Aurora Group,4,Winnipeg,46,70,0,0.39655172413793105,0.481
3,2010-08-12,pre Wind-up,Part 3,Founders,West Division,Rail Group,1,Akron,66,49,2,0.5739130434782609,0.531
3,2010-08-12,pre Wind-up,Part 3,Founders,West Division,Rail Group,2,Indianapolis,51,60,6,0.4594594594594595,0.5
3,2010-08-12,pre Wind-up,Part 3,Founders,West Division,Rail Group,3,Detroit,52,63,2,0.45217391304347826,0.49
3,2010-08-12,pre Wind-up,Part 3,Founders,West Division,Rail Group,4,Columbus,48,65,4,0.4247787610619469,0.389
3,2010-08-13,post Wind-up,Part 3,Founders,West Division,Rail Group,1,Akron,66,51,0,0.5641025641025641,0.531
3,2010-08-13,post Wind-up,Part 3,Founders,West Division,Rail Group,2,Detroit,54,63,0,0.46153846153846156,0.49
3,2010-08-13,post Wind-up,Part 3,Founders,West Division,Rail Group,3,Indianapolis,53,64,0,0.452991452991453,0.5
3,2010-08-13,post Wind-up,Part 3,Founders,West Division,Rail Group,4,Columbus,49,68,0,0.4188034188034188,0.389
3,2010-08-12,pre Wind-up,Part 3,Visionaries,East Division,Ridge Group,1,Atlanta,61,52,4,0.5398230088495575,0.491
3,2010-08-12,pre Wind-up,Part 3,Visionaries,East Division,Ridge Group,2,Nashville,61,54,2,0.5304347826086957,0.472
3,2010-08-12,pre Wind-up,Part 3,Visionaries,East Division,Ridge Group,3,Charlotte,57,54,6,0.5135135135135135,0.571
3,2010-08-12,pre Wind-up,Part 3,Visionaries,East Division,Ridge Group,4,Birmingham,51,62,4,0.45132743362831856,0.438
3,2010-08-13,post Wind-up,Part 3,Visionaries,East Division,Ridge Group,1,Atlanta,63,54,0,0.5384615384615384,0.491
3,2010-08-13,post Wind-up,Part 3,Visionaries,East Division,Ridge Group,2,Nashville,62,55,0,0.5299145299145299,0.472
3,2010-08-13,post Wind-up,Part 3,Visionaries,East Division,Ridge Group,2,Charlotte,62,55,0,0.5299145299145299,0.571
3,2010-08-13,post Wind-up,Part 3,Visionaries,East Division,Ridge Group,4,Birmingham,52,65,0,0.4444444444444444,0.438
3,2010-08-12,pre Wind-up,Part 3,Visionaries,East Division,Desert Group,1,Monterrey,57,55,4,0.5089285714285714,0.508
3,2010-08-12,pre Wind-up,Part 3,Visionaries,East Division,Desert Group,2,Dallas,49,62,5,0.44144144144144143,0.51
3,2010-08-12,pre Wind-up,Part 3,Visionaries,East Division,Desert Group,3,San Antonio,47,64,5,0.42342342342342343,0.37
3,2010-08-12,pre Wind-up,Part 3,Visionaries,East Division,Desert Group,4,Merida,45,65,6,0.4090909090909091,0.41
3,2010-08-13,post Wind-up,Part 3,Visionaries,East Division,Desert Group,1,Monterrey,58,58,0,0.5,0.508
3,2010-08-13,post Wind-up,Part 3,Visionaries,East Division,Desert Group,2,Dallas,52,64,0,0.4482758620689655,0.51
3,2010-08-13,post Wind-up,Part 3,Visionaries,East Division,Desert Group,3,San Antonio,50,66,0,0.43103448275862066,0.37
3,2010-08-13,post Wind-up,Part 3,Visionaries,East Division,Desert Group,4,Merida,47,69,0,0.4051724137931034,0.41
3,2010-08-12,pre Wind-up,Part 3,Visionaries,West Division,Pass Group,1,Vancouver,66,45,4,0.5945945945945946,0.53
3,2010-08-12,pre Wind-up,Part 3,Visionaries,West Division,Pass Group,2,Calgary,59,52,5,0.5315315315315315,0.534
3,2010-08-12,pre Wind-up,Part 3,Visionaries,West Division,Pass Group,3,Denver,48,63,4,0.43243243243243246,0.601
3,2010-08-12,pre Wind-up,Part 3,Visionaries,West Division,Pass Group,4,Seattle,48,65,3,0.4247787610619469,0.466
3,2010-08-13,post Wind-up,Part 3,Visionaries,West Division,Pass Group,1,Vancouver,68,47,0,0.591304347826087,0.53
3,2010-08-13,post Wind-up,Part 3,Visionaries,West Division,Pass Group,2,Calgary,63,53,0,0.5431034482758621,0.534
3,2010-08-13,post Wind-up,Part 3,Visionaries,West Division,Pass Group,3,Denver,50,65,0,0.43478260869565216,0.601
3,2010-08-13,post Wind-up,Part 3,Visionaries,West Division,Pass Group,4,Seattle,49,67,0,0.4224137931034483,0.466
3,2010-08-12,pre Wind-up,Part 3,Visionaries,West Division,Rush Group,1,Phoenix,66,45,4,0.5945945945945946,0.534
3,2010-08-12,pre Wind-up,Part 3,Visionaries,West Division,Rush Group,2,Los Angeles,63,47,6,0.5727272727272728,0.565
3,2010-08-12,pre Wind-up,Part 3,Visionaries,West Division,Rush Group,3,Tijuana,59,50,6,0.5412844036697247,0.623
3,2010-08-12,pre Wind-up,Part 3,Visionaries,West Division,Rush Group,4,Oakland,55,57,4,0.49107142857142855,0.509
3,2010-08-13,post Wind-up,Part 3,Visionaries,West Division,Rush Group,1,Phoenix,68,47,0,0.591304347826087,0.534
3,2010-08-13,post Wind-up,Part 3,Visionaries,West Division,Rush Group,2,Los Angeles,66,50,0,0.5689655172413793,0.565
3,2010-08-13,post Wind-up,Part 3,Visionaries,West Division,Rush Group,3,Tijuana,63,52,0,0.5478260869565217,0.623
3,2010-08-13,post Wind-up,Part 3,Visionaries,West Division,Rush Group,4,Oakland,55,61,0,0.47413793103448276,0.509
3,2010-09-25,pre Wind-up,Part 4,Founders,East Division,Port Group,1,Boston,90,63,3,0.5882352941176471,0.547
3,2010-09-25,pre Wind-up,Part 4,Founders,East Division,Port Group,2,New York,87,62,7,0.5838926174496645,0.58
3,2010-09-25,pre Wind-up,Part 4,Founders,East Division,Port Group,3,New Haven,80,72,4,0.5263157894736842,0.525
3,2010-09-25,pre Wind-up,Part 4,Founders,East Division,Port Group,4,Montreal,68,86,2,0.44155844155844154,0.457
3,2010-09-26,post Wind-up,Part 4,Founders,East Division,Port Group,1,Boston,92,64,0,0.5897435897435898,0.547
3,2010-09-26,post Wind-up,Part 4,Founders,East Division,Port Group,2,New York,91,65,0,0.5833333333333334,0.58
3,2010-09-26,post Wind-up,Part 4,Founders,East Division,Port Group,3,New Haven,80,76,0,0.5128205128205128,0.525
3,2010-09-26,post Wind-up,Part 4,Founders,East Division,Port Group,4,Montreal,69,87,0,0.4423076923076923,0.457
3,2010-09-25,pre Wind-up,Part 4,Founders,East Division,Canal Group,1,Pittsburgh,90,61,5,0.5960264900662252,0.571
3,2010-09-25,pre Wind-up,Part 4,Founders,East Division,Canal Group,2,"Washington, D.C.",80,71,5,0.5298013245033113,0.562
3,2010-09-25,pre Wind-up,Part 4,Founders,East Division,Canal Group,3,Philadelphia,76,76,4,0.5,0.494
3,2010-09-25,pre Wind-up,Part 4,Founders,East Division,Canal Group,4,Toronto,60,93,3,0.39215686274509803,0.253
3,2010-09-26,post Wind-up,Part 4,Founders,East Division,Canal Group,1,Pittsburgh,92,64,0,0.5897435897435898,0.571
3,2010-09-26,post Wind-up,Part 4,Founders,East Division,Canal Group,2,"Washington, D.C.",83,73,0,0.532051282051282,0.562
3,2010-09-26,post Wind-up,Part 4,Founders,East Division,Canal Group,3,Philadelphia,79,77,0,0.5064102564102564,0.494
3,2010-09-26,post Wind-up,Part 4,Founders,East Division,Canal Group,4,Toronto,60,96,0,0.38461538461538464,0.253
3,2010-09-25,pre Wind-up,Part 4,Founders,West Division,Aurora Group,1,Chicago,88,66,2,0.5714285714285714,0.531
3,2010-09-25,pre Wind-up,Part 4,Founders,West Division,Aurora Group,2,St. Louis,79,74,3,0.5163398692810458,0.506
3,2010-09-25,pre Wind-up,Part 4,Founders,West Division,Aurora Group,3,Winnipeg,65,87,4,0.4276315789473684,0.481
3,2010-09-25,pre Wind-up,Part 4,Founders,West Division,Aurora Group,4,St. Paul,65,88,3,0.42483660130718953,0.426
3,2010-09-26,post Wind-up,Part 4,Founders,West Division,Aurora Group,1,Chicago,89,67,0,0.5705128205128205,0.531
3,2010-09-26,post Wind-up,Part 4,Founders,West Division,Aurora Group,2,St. Louis,82,74,0,0.5256410256410257,0.506
3,2010-09-26,post Wind-up,Part 4,Founders,West Division,Aurora Group,3,St. Paul,67,89,0,0.42948717948717946,0.426
3,2010-09-26,post Wind-up,Part 4,Founders,West Division,Aurora Group,4,Winnipeg,66,90,0,0.4230769230769231,0.481
3,2010-09-25,pre Wind-up,Part 4,Founders,West Division,Rail Group,1,Akron,88,66,2,0.5714285714285714,0.531
3,2010-09-25,pre Wind-up,Part 4,Founders,West Division,Rail Group,2,Detroit,73,81,2,0.474025974025974,0.49
3,2010-09-25,pre Wind-up,Part 4,Founders,West Division,Rail Group,3,Indianapolis,68,88,0,0.4358974358974359,0.5
3,2010-09-25,pre Wind-up,Part 4,Founders,West Division,Rail Group,4,Columbus,64,87,5,0.423841059602649,0.389
3,2010-09-26,post Wind-up,Part 4,Founders,West Division,Rail Group,1,Akron,90,66,0,0.5769230769230769,0.531
3,2010-09-26,post Wind-up,Part 4,Founders,West Division,Rail Group,2,Detroit,74,82,0,0.47435897435897434,0.49
3,2010-09-26,post Wind-up,Part 4,Founders,West Division,Rail Group,3,Indianapolis,68,88,0,0.4358974358974359,0.5
3,2010-09-26,post Wind-up,Part 4,Founders,West Division,Rail Group,4,Columbus,66,90,0,0.4230769230769231,0.389
3,2010-09-25,pre Wind-up,Part 4,Visionaries,East Division,Ridge Group,1,Atlanta,86,67,3,0.5620915032679739,0.491
3,2010-09-25,pre Wind-up,Part 4,Visionaries,East Division,Ridge Group,2,Charlotte,81,70,5,0.5364238410596026,0.571
3,2010-09-25,pre Wind-up,Part 4,Visionaries,East Division,Ridge Group,3,Nashville,77,76,3,0.5032679738562091,0.472
3,2010-09-25,pre Wind-up,Part 4,Visionaries,East Division,Ridge Group,4,Birmingham,68,82,6,0.4533333333333333,0.438
3,2010-09-26,post Wind-up,Part 4,Visionaries,East Division,Ridge Group,1,Atlanta,88,68,0,0.5641025641025641,0.491
3,2010-09-26,post Wind-up,Part 4,Visionaries,East Division,Ridge Group,2,Charlotte,84,72,0,0.5384615384615384,0.571
3,2010-09-26,post Wind-up,Part 4,Visionaries,East Division,Ridge Group,3,Nashville,79,77,0,0.5064102564102564,0.472
3,2010-09-26,post Wind-up,Part 4,Visionaries,East Division,Ridge Group,4,Birmingham,72,84,0,0.46153846153846156,0.438
3,2010-09-25,pre Wind-up,Part 4,Visionaries,East Division,Desert Group,1,Monterrey,84,71,1,0.5419354838709678,0.508
3,2010-09-25,pre Wind-up,Part 4,Visionaries,East Division,Desert Group,2,Dallas,74,81,1,0.4774193548387097,0.51
3,2010-09-25,pre Wind-up,Part 4,Visionaries,East Division,Desert Group,3,San Antonio,68,85,3,0.4444444444444444,0.37
3,2010-09-25,pre Wind-up,Part 4,Visionaries,East Division,Desert Group,4,Merida,60,92,4,0.39473684210526316,0.41
3,2010-09-26,post Wind-up,Part 4,Visionaries,East Division,Desert Group,1,Monterrey,85,71,0,0.5448717948717948,0.508
3,2010-09-26,post Wind-up,Part 4,Visionaries,East Division,Desert Group,2,Dallas,75,81,0,0.4807692307692308,0.51
3,2010-09-26,post Wind-up,Part 4,Visionaries,East Division,Desert Group,3,San Antonio,68,88,0,0.4358974358974359,0.37
3,2010-09-26,post Wind-up,Part 4,Visionaries,East Division,Desert Group,4,Merida,63,93,0,0.40384615384615385,0.41
3,2010-09-25,pre Wind-up,Part 4,Visionaries,West Division,Pass Group,1,Vancouver,85,66,5,0.5629139072847682,0.53
3,2010-09-25,pre Wind-up,Part 4,Visionaries,West Division,Pass Group,2,Calgary,79,72,5,0.5231788079470199,0.534
3,2010-09-25,pre Wind-up,Part 4,Visionaries,West Division,Pass Group,3,Denver,67,83,6,0.44666666666666666,0.601
3,2010-09-25,pre Wind-up,Part 4,Visionaries,West Division,Pass Group,4,Seattle,64,83,9,0.43537414965986393,0.466
3,2010-09-26,post Wind-up,Part 4,Visionaries,West Division,Pass Group,1,Vancouver,88,68,0,0.5641025641025641,0.53
3,2010-09-26,post Wind-up,Part 4,Visionaries,West Division,Pass Group,2,Calgary,80,76,0,0.5128205128205128,0.534
3,2010-09-26,post Wind-up,Part 4,Visionaries,West Division,Pass Group,3,Denver,69,87,0,0.4423076923076923,0.601
3,2010-09-26,post Wind-up,Part 4,Visionaries,West Division,Pass Group,4,Seattle,68,88,0,0.4358974358974359,0.466
3,2010-09-25,pre Wind-up,Part 4,Visionaries,West Division,Rush Group,1,Phoenix,87,63,6,0.58,0.534
3,2010-09-25,pre Wind-up,Part 4,Visionaries,West Division,Rush Group,2,Los Angeles,86,68,2,0.5584415584415584,0.565
3,2010-09-25,pre Wind-up,Part 4,Visionaries,West Division,Rush Group,3,Tijuana,79,70,7,0.5302013422818792,0.623
3,2010-09-25,pre Wind-up,Part 4,Visionaries,West Division,Rush Group,4,Oakland,69,85,2,0.44805194805194803,0.509
3,2010-09-26,post Wind-up,Part 4,Visionaries,West Division,Rush Group,1,Phoenix,91,65,0,0.5833333333333334,0.534
3,2010-09-26,post Wind-up,Part 4,Visionaries,West Division,Rush Group,2,Los Angeles,87,69,0,0.5576923076923077,0.565
3,2010-09-26,post Wind-up,Part 4,Visionaries,West Division,Rush Group,3,Tijuana,82,74,0,0.5256410256410257,0.623
3,2010-09-26,post Wind-up,Part 4,Visionaries,West Division,Rush Group,4,Oakland,69,87,0,0.4423076923076923,0.509
