Date,Home,Away,Result,Home Score,Away Score,Wrap-up Result,WU Home Score,WU Away Score,WU innings
2010-04-01,Winnipeg,St. Louis,Winnipeg,8,2
2010-04-01,Akron,Columbus,Columbus,4,5
2010-04-01,"Washington, D.C.",Toronto,"Washington, D.C.",1,0
2010-04-01,Indianapolis,Detroit,Indianapolis,12,5
2010-04-01,Pittsburgh,Philadelphia,Philadelphia,0,4
2010-04-02,Pittsburgh,Philadelphia,Philadelphia,9,14
2010-04-02,Chicago,St. Paul,St. Paul,1,4
2010-04-02,Montreal,New Haven,Montreal,5,4
2010-04-02,Winnipeg,St. Louis,Winnipeg,5,1
2010-04-02,Akron,Columbus,Columbus,1,7
2010-04-02,"Washington, D.C.",Toronto,Toronto,7,9
2010-04-02,Indianapolis,Detroit,Indianapolis,7,5
2010-04-03,New York,Boston,Boston,3,5
2010-04-03,Pittsburgh,Philadelphia,Pittsburgh,7,1
2010-04-03,Chicago,St. Paul,Chicago,2,0
2010-04-03,Montreal,New Haven,New Haven,7,9
2010-04-03,Winnipeg,St. Louis,Winnipeg,3,2
2010-04-03,Akron,Columbus,Columbus,4,7
2010-04-03,"Washington, D.C.",Toronto,Toronto,3,8
2010-04-03,Indianapolis,Detroit,Indianapolis,10,8
2010-04-04,New York,Boston,Boston,7,9
2010-04-04,Pittsburgh,Philadelphia,Philadelphia,4,7
2010-04-04,Chicago,St. Paul,St. Paul,3,4
2010-04-04,Detroit,Akron,Detroit,6,5
2010-04-05,"Washington, D.C.",Philadelphia,"Washington, D.C.",5,1
2010-04-05,Winnipeg,Chicago,Chicago,1,10
2010-04-05,New Haven,New York,New Haven,1,0
2010-04-05,Toronto,Pittsburgh,Toronto,7,2
2010-04-05,Montreal,Boston,Boston,1,4
2010-04-05,Columbus,Indianapolis,Indianapolis,4,8
2010-04-05,Detroit,Akron,Detroit,9,3
2010-04-06,"Washington, D.C.",Philadelphia,"Washington, D.C.",6,1
2010-04-06,New Haven,New York,New Haven,5,1
2010-04-06,Toronto,Pittsburgh,Pittsburgh,0,3
2010-04-06,Montreal,Boston,Montreal,3,2
2010-04-06,Columbus,Indianapolis,Indianapolis,4,8
2010-04-06,Detroit,Akron,Detroit,13,4
2010-04-06,St. Paul,St. Louis,St. Louis,2,4
2010-04-07,"Washington, D.C.",Philadelphia,"Washington, D.C.",7,4
2010-04-07,Winnipeg,Chicago,Winnipeg,7,3
2010-04-07,New Haven,New York,New Haven,8,4
2010-04-07,Toronto,Pittsburgh,Toronto,8,5
2010-04-07,Montreal,Boston,Boston,5,6
2010-04-07,Columbus,Indianapolis,Columbus,25,4
2010-04-07,Detroit,Akron,Detroit,3,2
2010-04-08,Indianapolis,Akron,Akron,0,13
2010-04-08,New York,New Haven,New York,6,2
2010-04-08,Winnipeg,St. Paul,St. Paul,1,11
2010-04-08,Columbus,Detroit,Detroit,1,3
2010-04-08,St. Louis,Chicago,Chicago,3,7
2010-04-08,"Washington, D.C.",Pittsburgh,"Washington, D.C.",3,1
2010-04-08,Boston,Montreal,Montreal,3,4
2010-04-09,Indianapolis,Akron,Indianapolis,12,5
2010-04-09,New York,New Haven,New York,7,3
2010-04-09,Philadelphia,Toronto,Philadelphia,10,9
2010-04-09,Winnipeg,St. Paul,St. Paul,0,1
2010-04-09,Columbus,Detroit,Columbus,5,1
2010-04-09,St. Louis,Chicago,St. Louis,5,3
2010-04-09,"Washington, D.C.",Pittsburgh,"Washington, D.C.",5,2
2010-04-09,Boston,Montreal,Montreal,3,5
2010-04-10,Indianapolis,Akron,Akron,0,2
2010-04-10,New York,New Haven,New Haven,3,4
2010-04-10,Philadelphia,Toronto,Toronto,1,2
2010-04-10,Winnipeg,St. Paul,Winnipeg,9,2
2010-04-10,Columbus,Detroit,Columbus,10,5
2010-04-10,St. Louis,Chicago,St. Louis,4,3
2010-04-10,"Washington, D.C.",Pittsburgh,Pittsburgh,2,5
2010-04-10,Boston,Montreal,Montreal,7,8
2010-04-11,New York,Montreal,New York,10,2
2010-04-11,Philadelphia,Pittsburgh,Pittsburgh,0,8
2010-04-11,Detroit,Columbus,Detroit,3,2
2010-04-11,Toronto,"Washington, D.C.","Washington, D.C.",4,7
2010-04-11,St. Paul,Winnipeg,St. Paul,4,3
2010-04-12,New Haven,Boston,New Haven,7,4
2010-04-12,New York,Montreal,Montreal,0,3
2010-04-12,Akron,Indianapolis,Indianapolis,6,7
2010-04-12,Philadelphia,Pittsburgh,Pittsburgh,3,7
2010-04-12,Toronto,"Washington, D.C.","Washington, D.C.",0,1
2010-04-12,St. Paul,Winnipeg,St. Paul,6,2
2010-04-13,New Haven,Boston,New Haven,10,3
2010-04-13,Chicago,St. Louis,St. Louis,4,8
2010-04-13,New York,Montreal,New York,9,4
2010-04-13,Akron,Indianapolis,Akron,7,5
2010-04-13,Philadelphia,Pittsburgh,Pittsburgh,3,4
2010-04-13,Detroit,Columbus,Detroit,4,3
2010-04-13,Toronto,"Washington, D.C.",Toronto,7,1
2010-04-13,St. Paul,Winnipeg,Winnipeg,2,4
2010-04-14,Indianapolis,Columbus,Columbus,3,8
2010-04-14,St. Louis,St. Paul,St. Louis,5,2
2010-04-14,Boston,New York,Boston,8,7
2010-04-14,Pittsburgh,Toronto,Toronto,4,8
2010-04-14,Philadelphia,"Washington, D.C.",Philadelphia,10,0
2010-04-14,Chicago,Winnipeg,Winnipeg,3,5
2010-04-15,Chicago,Winnipeg,Chicago,4,2
2010-04-15,Philadelphia,"Washington, D.C.","Washington, D.C.",1,5
2010-04-15,New Haven,Montreal,New Haven,18,7
2010-04-15,Indianapolis,Columbus,Indianapolis,6,2
2010-04-15,Akron,Detroit,Detroit,6,11
2010-04-15,St. Louis,St. Paul,St. Paul,4,9
2010-04-15,Boston,New York,Boston,13,6
2010-04-15,Pittsburgh,Toronto,Toronto,1,2
2010-04-16,Chicago,Winnipeg,Winnipeg,5,7
2010-04-16,Philadelphia,"Washington, D.C.","Washington, D.C.",0,1
2010-04-16,New Haven,Montreal,Montreal,4,5
2010-04-16,Indianapolis,Columbus,Columbus,0,1
2010-04-16,Akron,Detroit,Akron,4,3
2010-04-16,St. Louis,St. Paul,St. Louis,10,3
2010-04-16,Boston,New York,Boston,7,3
2010-04-16,Pittsburgh,Toronto,Toronto,1,10
2010-04-17,Chicago,Winnipeg,Chicago,6,3
2010-04-17,Philadelphia,"Washington, D.C.",Philadelphia,6,1
2010-04-17,New Haven,Montreal,New Haven,6,2
2010-04-17,Detroit,Indianapolis,Indianapolis,2,14
2010-04-17,Boston,New York,Boston,7,2
2010-04-17,Pittsburgh,Toronto,Toronto,5,10
2010-04-17,Columbus,Akron,Columbus,9,3
2010-04-18,St. Louis,Winnipeg,St. Louis,5,2
2010-04-18,Toronto,Philadelphia,Philadelphia,3,5
2010-04-18,Montreal,New York,New York,1,7
2010-04-18,Boston,New Haven,Boston,6,4
2010-04-18,St. Paul,Chicago,St. Paul,5,3
2010-04-18,Columbus,Akron,Columbus,3,2
2010-04-18,Detroit,Indianapolis,Indianapolis,1,5
2010-04-19,Toronto,Philadelphia,Philadelphia,3,7
2010-04-19,Montreal,New York,Montreal,6,2
2010-04-19,Boston,New Haven,Boston,2,1
2010-04-19,Pittsburgh,"Washington, D.C.","Washington, D.C.",0,2
2010-04-19,St. Paul,Chicago,Chicago,2,4
2010-04-19,Columbus,Akron,Columbus,5,0
2010-04-19,Detroit,Indianapolis,Detroit,7,4
2010-04-20,St. Louis,Winnipeg,St. Louis,12,4
2010-04-20,Toronto,Philadelphia,Philadelphia,3,8
2010-04-20,Montreal,New York,New York,6,12
2010-04-20,Boston,New Haven,New Haven,4,7
2010-04-20,Pittsburgh,"Washington, D.C.","Washington, D.C.",1,2
2010-04-20,St. Paul,Chicago,St. Paul,4,2
2010-04-20,Columbus,Akron,Akron,5,12
2010-04-20,Detroit,Indianapolis,Indianapolis,5,14
2010-04-21,Akron,Boston,Akron,8,4
2010-04-21,Philadelphia,St. Louis,Philadelphia,14,3
2010-04-21,St. Paul,Toronto,Toronto,5,8
2010-04-21,Winnipeg,Pittsburgh,Winnipeg,4,1
2010-04-21,New Haven,Columbus,Columbus,2,6
2010-04-21,Montreal,Indianapolis,Indianapolis,2,6
2010-04-22,Akron,Boston,Boston,0,3
2010-04-22,Philadelphia,St. Louis,St. Louis,4,8
2010-04-22,St. Paul,Toronto,St. Paul,5,4
2010-04-22,Detroit,New York,New York,1,3
2010-04-22,Winnipeg,Pittsburgh,Winnipeg,5,3
2010-04-22,New Haven,Columbus,Columbus,5,8
2010-04-22,Montreal,Indianapolis,Indianapolis,0,9
2010-04-22,"Washington, D.C.",Chicago,Chicago,0,3
2010-04-23,Akron,Boston,Akron,8,4
2010-04-23,Philadelphia,St. Louis,Philadelphia,7,0
2010-04-23,St. Paul,Toronto,Toronto,5,7
2010-04-23,Detroit,New York,New York,2,3
2010-04-23,Winnipeg,Pittsburgh,Winnipeg,5,4
2010-04-23,New Haven,Columbus,Columbus,1,9
2010-04-23,Montreal,Indianapolis,Montreal,7,1
2010-04-23,"Washington, D.C.",Chicago,Chicago,2,3
2010-04-24,Akron,New York,Akron,3,1
2010-04-24,Indianapolis,New Haven,New Haven,1,5
2010-04-24,St. Paul,Philadelphia,Philadelphia,3,5
2010-04-25,Toronto,Chicago,Toronto,2,0
2010-04-25,Winnipeg,"Washington, D.C.",Winnipeg,9,5
2010-04-25,Akron,New York,New York,3,6
2010-04-25,Pittsburgh,St. Louis,St. Louis,4,5
2010-04-25,Columbus,Boston,Boston,4,7
2010-04-25,Indianapolis,New Haven,New Haven,4,5
2010-04-25,St. Paul,Philadelphia,Philadelphia,1,8
2010-04-26,Toronto,Chicago,Toronto,9,2
2010-04-26,Winnipeg,"Washington, D.C.",Winnipeg,2,1
2010-04-26,Montreal,Detroit,Detroit,0,9
2010-04-26,Akron,New York,Akron,7,3
2010-04-26,Pittsburgh,St. Louis,Pittsburgh,10,1
2010-04-26,Columbus,Boston,Boston,7,9
2010-04-26,Indianapolis,New Haven,New Haven,4,7
2010-04-26,St. Paul,Philadelphia,Philadelphia,2,3
2010-04-27,Toronto,Chicago,Chicago,5,7
2010-04-27,Winnipeg,"Washington, D.C.","Washington, D.C.",1,3
2010-04-27,Montreal,Detroit,Montreal,5,2
2010-04-28,Montreal,Akron,Akron,3,11
2010-04-28,Chicago,Philadelphia,Chicago,3,2
2010-04-28,St. Paul,"Washington, D.C.",St. Paul,3,2
2010-04-28,Winnipeg,Toronto,Winnipeg,3,1
2010-04-28,New Haven,Detroit,Detroit,3,10
2010-04-28,Indianapolis,Boston,Boston,3,7
2010-04-28,Columbus,New York,Columbus,5,2
2010-04-28,St. Louis,Pittsburgh,St. Louis,4,3
2010-04-29,Montreal,Akron,Akron,2,10
2010-04-29,Chicago,Philadelphia,Philadelphia,5,6
2010-04-29,St. Paul,"Washington, D.C.","Washington, D.C.",5,6
2010-04-29,Winnipeg,Toronto,Winnipeg,3,2
2010-04-29,New Haven,Detroit,New Haven,4,2
2010-04-29,Indianapolis,Boston,Boston,6,7
2010-04-29,Columbus,New York,Columbus,10,2
2010-04-29,St. Louis,Pittsburgh,Pittsburgh,1,8
2010-04-30,Montreal,Akron,Montreal,7,2
2010-04-30,Chicago,Philadelphia,Philadelphia,1,3
2010-04-30,St. Paul,"Washington, D.C.","Washington, D.C.",3,7
2010-04-30,Winnipeg,Toronto,Winnipeg,5,3
2010-04-30,New Haven,Detroit,New Haven,9,3
2010-04-30,Indianapolis,Boston,Boston,3,6
2010-04-30,Columbus,New York,New York,1,4
2010-04-30,St. Louis,Pittsburgh,St. Louis,6,2
2010-05-01,St. Louis,Toronto,Toronto,1,5
2010-05-01,Akron,Montreal,Akron,7,2
2010-05-01,Boston,Detroit,Detroit,2,8
2010-05-01,Columbus,New Haven,New Haven,4,5
2010-05-01,"Washington, D.C.",Winnipeg,Winnipeg,1,7
2010-05-01,Philadelphia,St. Paul,Philadelphia,2,0
2010-05-01,New York,Indianapolis,Indianapolis,1,2
2010-05-02,Chicago,Pittsburgh,Chicago,4,3
2010-05-02,St. Louis,Toronto,Toronto,2,6
2010-05-02,Boston,Detroit,Detroit,2,3
2010-05-02,Columbus,New Haven,New Haven,3,4
2010-05-02,"Washington, D.C.",Winnipeg,Winnipeg,0,5
2010-05-03,Chicago,Pittsburgh,Chicago,7,6
2010-05-03,St. Louis,Toronto,Toronto,2,6
2010-05-03,Akron,Montreal,Montreal,2,7
2010-05-03,Boston,Detroit,Detroit,1,5
2010-05-03,Columbus,New Haven,New Haven,3,8
2010-05-03,"Washington, D.C.",Winnipeg,"Washington, D.C.",2,1
2010-05-03,Philadelphia,St. Paul,Philadelphia,10,9
2010-05-03,New York,Indianapolis,Indianapolis,2,6
2010-04-02,New York,Boston,Tie in regulation,3,3,Boston,3,4,36
2010-04-05,St. Paul,St. Louis,Tie in regulation,2,2,St. Paul,3,2,29
2010-04-06,Winnipeg,Chicago,Tie in regulation,5,5,Chicago,6,7,3
2010-04-07,St. Paul,St. Louis,Tie in regulation,2,2,St. Paul,5,4,23
2010-04-08,Philadelphia,Toronto,Tie in regulation,3,3,Philadelphia,5,4,6
2010-04-11,New Haven,Boston,Tie in regulation,3,3,Boston,5,6,6
2010-04-11,Chicago,St. Louis,Tie in regulation,1,1,St. Louis,2,3,10
2010-04-11,Akron,Indianapolis,Tie in regulation,1,1,Indianapolis,2,5,5
2010-04-12,Chicago,St. Louis,Tie in regulation,4,4,St. Louis,4,5,12
2010-04-12,Detroit,Columbus,Tie in regulation,3,3,Detroit,6,5,12
2010-04-14,Akron,Detroit,Tie in regulation,1,1,Akron,4,3,6
2010-04-18,Pittsburgh,"Washington, D.C.",Tie in regulation,3,3,Pittsburgh,6,4,17
2010-04-19,St. Louis,Winnipeg,Tie in regulation,3,3,Winnipeg,4,5,10
2010-04-21,Detroit,New York,Tie in regulation,1,1,Detroit,4,2,4
2010-04-21,"Washington, D.C.",Chicago,Tie in regulation,7,7,Chicago,7,8,12
2010-04-24,Pittsburgh,St. Louis,Tie in regulation,1,1,St. Louis,1,5,12
2010-04-24,Columbus,Boston,Tie in regulation,4,4,Columbus,5,4,6
2010-04-25,Montreal,Detroit,Tie in regulation,5,5,Montreal,6,5,12
2010-05-01,Chicago,Pittsburgh,Tie in regulation,2,2,Chicago,3,2,22
2010-05-02,Akron,Montreal,Tie in regulation,2,2,Montreal,3,6,15
2010-05-02,Philadelphia,St. Paul,Tie in regulation,2,2,Philadelphia,5,4,4
2010-05-02,New York,Indianapolis,Tie in regulation,4,4,Indianapolis,6,7,24
2010-04-17,St. Louis,St. Paul,Tie in regulation,2,2,St. Paul,4,6,12
2010-05-04,,,
2010-05-05,,,
2010-05-06,,,
2010-05-07,Columbus,St. Paul,St. Paul,2,6
2010-05-07,Boston,Toronto,Boston,10,6
2010-05-07,Philadelphia,New Haven,Philadelphia,8,1
2010-05-07,New York,Pittsburgh,Pittsburgh,2,3
2010-05-07,Akron,St. Louis,St. Louis,3,7
2010-05-08,Indianapolis,Winnipeg,Indianapolis,2,1
2010-05-08,Detroit,Chicago,Detroit,10,2
2010-05-08,Montreal,"Washington, D.C.",Montreal,5,4
2010-05-08,Columbus,St. Paul,Columbus,8,4
2010-05-08,Boston,Toronto,Boston,4,3
2010-05-08,Philadelphia,New Haven,New Haven,0,3
2010-05-08,New York,Pittsburgh,New York,3,2
2010-05-08,Akron,St. Louis,St. Louis,2,7
2010-05-09,Indianapolis,Winnipeg,Indianapolis,1,0
2010-05-09,Detroit,Chicago,Chicago,6,8
2010-05-09,Montreal,"Washington, D.C.","Washington, D.C.",9,10
2010-05-09,Columbus,St. Paul,Columbus,10,0
2010-05-09,Boston,Toronto,Toronto,2,7
2010-05-09,Philadelphia,New Haven,New Haven,0,7
2010-05-09,New York,Pittsburgh,Pittsburgh,3,5
2010-05-09,Akron,St. Louis,St. Louis,3,4
2010-05-10,Indianapolis,Winnipeg,Indianapolis,7,3
2010-05-10,Montreal,"Washington, D.C.","Washington, D.C.",1,2
2010-05-10,New York,Toronto,New York,11,0
2010-05-11,"Washington, D.C.",Montreal,Montreal,5,7
2010-05-11,Indianapolis,Chicago,Indianapolis,10,5
2010-05-11,St. Louis,Detroit,St. Louis,6,1
2010-05-11,New Haven,Pittsburgh,Pittsburgh,0,3
2010-05-11,Philadelphia,Boston,Boston,2,5
2010-05-11,St. Paul,Akron,St. Paul,11,4
2010-05-11,New York,Toronto,Toronto,3,6
2010-05-12,"Washington, D.C.",Montreal,"Washington, D.C.",3,2
2010-05-12,Winnipeg,Columbus,Winnipeg,4,1
2010-05-12,Indianapolis,Chicago,Chicago,7,10
2010-05-12,St. Louis,Detroit,Detroit,0,10
2010-05-12,New Haven,Pittsburgh,Pittsburgh,3,10
2010-05-12,Philadelphia,Boston,Boston,0,11
2010-05-12,St. Paul,Akron,St. Paul,12,0
2010-05-12,New York,Toronto,Toronto,4,7
2010-05-13,"Washington, D.C.",Montreal,"Washington, D.C.",3,2
2010-05-13,Indianapolis,Chicago,Indianapolis,12,4
2010-05-13,St. Louis,Detroit,St. Louis,1,0
2010-05-13,New Haven,Pittsburgh,New Haven,7,2
2010-05-13,Philadelphia,Boston,Philadelphia,2,1
2010-05-13,St. Paul,Akron,Akron,2,6
2010-05-14,Chicago,Akron,Chicago,1,0
2010-05-14,Montreal,Toronto,Montreal,5,4
2010-05-14,St. Paul,Columbus,St. Paul,3,1
2010-05-15,Boston,Pittsburgh,Pittsburgh,0,10
2010-05-15,"Washington, D.C.",New Haven,New Haven,2,4
2010-05-15,Philadelphia,New York,Philadelphia,8,7
2010-05-15,Detroit,Winnipeg,Winnipeg,1,4
2010-05-15,St. Louis,Indianapolis,Indianapolis,1,6
2010-05-15,Chicago,Akron,Akron,3,10
2010-05-15,St. Paul,Columbus,Columbus,5,10
2010-05-16,Boston,Pittsburgh,Pittsburgh,5,7
2010-05-16,"Washington, D.C.",New Haven,"Washington, D.C.",9,1
2010-05-16,Philadelphia,New York,New York,4,9
2010-05-16,Detroit,Winnipeg,Winnipeg,5,8
2010-05-16,St. Louis,Indianapolis,Indianapolis,2,5
2010-05-16,Chicago,Akron,Chicago,3,2
2010-05-16,St. Paul,Columbus,Columbus,5,6
2010-05-17,Boston,Pittsburgh,Pittsburgh,0,2
2010-05-17,"Washington, D.C.",New Haven,New Haven,4,6
2010-05-17,Philadelphia,New York,Philadelphia,5,4
2010-05-17,Columbus,St. Louis,Columbus,3,0
2010-05-17,St. Paul,Indianapolis,St. Paul,4,0
2010-05-18,New York,"Washington, D.C.","Washington, D.C.",0,11
2010-05-18,Toronto,New Haven,Toronto,4,3
2010-05-18,Pittsburgh,Boston,Pittsburgh,5,1
2010-05-18,Akron,Chicago,Chicago,5,10
2010-05-18,Winnipeg,Detroit,Detroit,10,12
2010-05-18,Montreal,Philadelphia,Montreal,5,1
2010-05-18,Columbus,St. Louis,St. Louis,1,3
2010-05-18,St. Paul,Indianapolis,Indianapolis,1,2
2010-05-19,Toronto,New Haven,Toronto,3,2
2010-05-19,Pittsburgh,Boston,Pittsburgh,7,3
2010-05-19,Akron,Chicago,Chicago,4,9
2010-05-19,Winnipeg,Detroit,Winnipeg,3,0
2010-05-19,Montreal,Philadelphia,Philadelphia,3,6
2010-05-19,Columbus,St. Louis,St. Louis,3,6
2010-05-19,St. Paul,Indianapolis,St. Paul,10,4
2010-05-20,New York,"Washington, D.C.","Washington, D.C.",1,8
2010-05-20,Pittsburgh,Boston,Pittsburgh,5,3
2010-05-20,Akron,Chicago,Akron,10,4
2010-05-20,Winnipeg,Detroit,Winnipeg,4,1
2010-05-20,Montreal,Philadelphia,Montreal,6,5
2010-05-20,Indianapolis,St. Louis,St. Louis,5,6
2010-05-21,Winnipeg,Akron,Winnipeg,3,1
2010-05-21,Chicago,Columbus,Chicago,4,3
2010-05-21,Toronto,Montreal,Montreal,5,8
2010-05-21,Boston,Philadelphia,Philadelphia,6,9
2010-05-21,St. Paul,Detroit,Detroit,4,6
2010-05-21,Pittsburgh,New York,New York,0,7
2010-05-21,Indianapolis,St. Louis,Indianapolis,3,1
2010-05-22,Winnipeg,Akron,Akron,2,6
2010-05-22,Chicago,Columbus,Chicago,4,2
2010-05-22,Toronto,Montreal,Toronto,4,3
2010-05-22,Boston,Philadelphia,Philadelphia,3,4
2010-05-22,Pittsburgh,New York,Pittsburgh,5,1
2010-05-22,New Haven,"Washington, D.C.",New Haven,10,4
2010-05-22,Indianapolis,St. Louis,St. Louis,3,8
2010-05-23,Winnipeg,Akron,Winnipeg,4,3
2010-05-23,Toronto,Montreal,Toronto,6,3
2010-05-23,Boston,Philadelphia,Boston,3,1
2010-05-23,St. Paul,Detroit,Detroit,1,2
2010-05-23,Pittsburgh,New York,New York,1,3
2010-05-24,Detroit,St. Louis,Detroit,8,5
2010-05-24,"Washington, D.C.",Boston,"Washington, D.C.",7,4
2010-05-24,Toronto,New York,New York,0,2
2010-05-24,Columbus,Chicago,Chicago,4,7
2010-05-24,Indianapolis,St. Paul,St. Paul,0,3
2010-05-25,Pittsburgh,New Haven,Pittsburgh,8,7
2010-05-25,Philadelphia,Montreal,Philadelphia,5,4
2010-05-25,Akron,Winnipeg,Winnipeg,1,2
2010-05-25,Detroit,St. Louis,St. Louis,2,3
2010-05-25,"Washington, D.C.",Boston,Boston,2,5
2010-05-25,Toronto,New York,New York,9,14
2010-05-25,Columbus,Chicago,Chicago,12,13
2010-05-25,Indianapolis,St. Paul,Indianapolis,1,0
2010-05-26,Pittsburgh,New Haven,Pittsburgh,5,2
2010-05-26,Philadelphia,Montreal,Philadelphia,5,2
2010-05-26,Akron,Winnipeg,Winnipeg,2,3
2010-05-26,Detroit,St. Louis,Detroit,4,0
2010-05-26,"Washington, D.C.",Boston,Boston,2,3
2010-05-26,Toronto,New York,New York,1,7
2010-05-26,Indianapolis,St. Paul,St. Paul,0,9
2010-05-27,Pittsburgh,New Haven,Pittsburgh,4,3
2010-05-27,Philadelphia,Montreal,Philadelphia,4,3
2010-05-27,Akron,Winnipeg,Winnipeg,2,7
2010-05-27,Chicago,Indianapolis,Indianapolis,3,7
2010-05-27,Detroit,St. Paul,Detroit,3,0
2010-05-28,New York,Philadelphia,Philadelphia,1,12
2010-05-28,St. Louis,Akron,St. Louis,3,0
2010-05-28,Columbus,Winnipeg,Winnipeg,8,12
2010-05-28,Boston,"Washington, D.C.",Boston,7,0
2010-05-28,Montreal,Pittsburgh,Pittsburgh,3,6
2010-05-28,New Haven,Toronto,New Haven,10,4
2010-05-28,Chicago,Indianapolis,Indianapolis,5,12
2010-05-28,Detroit,St. Paul,Detroit,5,4
2010-05-29,New York,Philadelphia,New York,7,3
2010-05-29,St. Louis,Akron,Akron,1,8
2010-05-29,Columbus,Winnipeg,Columbus,10,9
2010-05-29,Boston,"Washington, D.C.","Washington, D.C.",2,10
2010-05-29,Montreal,Pittsburgh,Montreal,1,0
2010-05-29,New Haven,Toronto,New Haven,6,4
2010-05-29,Chicago,Indianapolis,Indianapolis,2,9
2010-05-29,Detroit,St. Paul,Detroit,6,5
2010-05-30,New York,Philadelphia,Philadelphia,6,7
2010-05-30,St. Louis,Akron,St. Louis,8,3
2010-05-30,Columbus,Winnipeg,Winnipeg,5,6
2010-05-30,Boston,"Washington, D.C.",Boston,4,3
2010-05-30,Montreal,Pittsburgh,Pittsburgh,1,7
2010-05-30,New Haven,Toronto,New Haven,9,1
2010-05-30,Chicago,Detroit,Chicago,9,4
2010-05-31,Toronto,Boston,Boston,2,6
2010-05-31,Winnipeg,Indianapolis,Indianapolis,3,4
2010-05-31,New Haven,Philadelphia,New Haven,8,3
2010-05-31,"Washington, D.C.",New York,"Washington, D.C.",7,4
2010-05-31,Pittsburgh,Montreal,Pittsburgh,2,0
2010-05-31,St. Louis,Columbus,St. Louis,9,1
2010-05-31,Chicago,Detroit,Chicago,13,2
2010-06-01,Toronto,Boston,Toronto,8,7
2010-06-01,Winnipeg,Indianapolis,Winnipeg,4,2
2010-06-01,New Haven,Philadelphia,Philadelphia,4,5
2010-06-01,"Washington, D.C.",New York,New York,4,5
2010-06-01,Pittsburgh,Montreal,Pittsburgh,4,2
2010-06-01,Akron,St. Paul,Akron,10,6
2010-06-01,St. Louis,Columbus,Columbus,2,8
2010-06-01,Chicago,Detroit,Chicago,9,0
2010-06-02,Toronto,Boston,Boston,3,7
2010-06-02,Winnipeg,Indianapolis,Indianapolis,2,3
2010-06-02,New Haven,Philadelphia,New Haven,4,2
2010-06-02,"Washington, D.C.",New York,"Washington, D.C.",7,5
2010-06-02,Pittsburgh,Montreal,Pittsburgh,4,2
2010-06-02,Akron,St. Paul,Akron,13,4
2010-06-02,St. Louis,Columbus,St. Louis,5,4
2010-06-03,New York,Toronto,New York,2,1
2010-06-03,Chicago,Columbus,Chicago,13,0
2010-06-03,Pittsburgh,New Haven,New Haven,5,8
2010-06-03,Boston,"Washington, D.C.",Boston,6,4
2010-06-04,Winnipeg,Indianapolis,Winnipeg,4,1
2010-06-04,Akron,St. Louis,St. Louis,6,10
2010-06-04,Detroit,St. Paul,St. Paul,2,7
2010-06-04,New York,Toronto,Toronto,6,8
2010-06-04,Chicago,Columbus,Chicago,7,6
2010-06-04,Philadelphia,Montreal,Montreal,2,3
2010-06-04,Pittsburgh,New Haven,Pittsburgh,7,6
2010-06-04,Boston,"Washington, D.C.",Boston,1,0
2010-06-05,Winnipeg,Indianapolis,Winnipeg,6,3
2010-06-05,Akron,St. Louis,St. Louis,2,4
2010-06-05,Detroit,St. Paul,Detroit,5,0
2010-06-05,New York,Toronto,Toronto,1,5
2010-06-05,Philadelphia,Montreal,Philadelphia,9,2
2010-06-05,Pittsburgh,New Haven,New Haven,1,5
2010-06-05,Boston,"Washington, D.C.","Washington, D.C.",3,10
2010-06-06,Winnipeg,Indianapolis,Winnipeg,7,5
2010-06-06,Akron,St. Louis,St. Louis,4,9
2010-06-06,Detroit,St. Paul,Detroit,3,2
2010-06-06,New Haven,Toronto,Toronto,2,3
2010-06-06,Pittsburgh,Montreal,Pittsburgh,4,3
2010-06-06,New York,"Washington, D.C.","Washington, D.C.",3,4
2010-06-07,Indianapolis,Chicago,Indianapolis,6,2
2010-06-07,Boston,Philadelphia,Boston,7,1
2010-06-07,St. Louis,Akron,St. Louis,10,2
2010-06-07,New Haven,Toronto,Toronto,0,4
2010-06-07,Pittsburgh,Montreal,Pittsburgh,5,4
2010-06-07,New York,"Washington, D.C.",New York,11,4
2010-06-08,St. Paul,Columbus,St. Paul,4,3
2010-06-08,Boston,Philadelphia,Philadelphia,3,7
2010-06-08,St. Louis,Akron,St. Louis,4,0
2010-06-08,New Haven,Toronto,Toronto,3,6
2010-06-08,Pittsburgh,Montreal,Montreal,1,7
2010-06-08,New York,"Washington, D.C.","Washington, D.C.",0,4
2010-06-09,Detroit,Winnipeg,Detroit,4,3
2010-06-09,Indianapolis,Chicago,Indianapolis,4,3
2010-06-09,St. Paul,Columbus,Columbus,4,5
2010-06-09,Boston,Philadelphia,Philadelphia,5,9
2010-06-09,St. Louis,Akron,Akron,1,2
2010-06-09,"Washington, D.C.",Montreal,"Washington, D.C.",6,4
2010-06-10,Akron,Chicago,Chicago,1,4
2010-06-10,Winnipeg,Columbus,Winnipeg,3,1
2010-06-10,Indianapolis,St. Louis,Indianapolis,12,2
2010-06-10,Philadelphia,Boston,Boston,6,7
2010-06-10,Pittsburgh,New York,New York,2,3
2010-06-10,Toronto,New Haven,Toronto,6,4
2010-06-10,St. Paul,Detroit,Detroit,3,8
2010-06-10,"Washington, D.C.",Montreal,"Washington, D.C.",4,3
2010-06-11,Akron,Chicago,Akron,8,3
2010-06-11,Winnipeg,Columbus,Columbus,0,4
2010-06-11,Indianapolis,St. Louis,St. Louis,4,10
2010-06-11,Philadelphia,Boston,Boston,5,6
2010-06-11,Pittsburgh,New York,Pittsburgh,21,0
2010-06-11,Toronto,New Haven,Toronto,7,2
2010-06-11,St. Paul,Detroit,Detroit,2,5
2010-06-11,"Washington, D.C.",Montreal,"Washington, D.C.",12,2
2010-06-12,Akron,Chicago,Akron,4,1
2010-06-12,Winnipeg,Columbus,Columbus,2,4
2010-06-12,Indianapolis,St. Louis,Indianapolis,5,3
2010-06-12,Philadelphia,Boston,Philadelphia,9,2
2010-06-12,Pittsburgh,New York,Pittsburgh,5,1
2010-06-12,Toronto,New Haven,Toronto,13,7
2010-06-12,St. Paul,Detroit,Detroit,4,5
2010-06-13,Chicago,Akron,Akron,2,8
2010-06-13,St. Paul,Indianapolis,Indianapolis,2,4
2010-06-13,New Haven,Philadelphia,New Haven,17,4
2010-06-13,Toronto,Montreal,Toronto,3,2
2010-06-13,Detroit,St. Louis,Detroit,6,5
2010-06-14,"Washington, D.C.",Boston,"Washington, D.C.",6,1
2010-06-14,New York,Pittsburgh,Pittsburgh,2,3
2010-06-14,Columbus,Winnipeg,Winnipeg,5,11
2010-06-14,Chicago,Akron,Akron,1,2
2010-06-14,St. Paul,Indianapolis,Indianapolis,1,2
2010-06-14,New Haven,Philadelphia,Philadelphia,4,7
2010-06-14,Toronto,Montreal,Montreal,2,9
2010-06-15,"Washington, D.C.",Boston,"Washington, D.C.",11,6
2010-06-15,New York,Pittsburgh,Pittsburgh,1,4
2010-06-15,Columbus,Winnipeg,Winnipeg,0,2
2010-06-15,Chicago,Akron,Chicago,2,1
2010-06-15,St. Paul,Indianapolis,St. Paul,10,3
2010-06-15,New Haven,Philadelphia,New Haven,5,2
2010-06-15,Toronto,Montreal,Toronto,6,3
2010-06-15,Detroit,St. Louis,St. Louis,1,3
2010-06-16,"Washington, D.C.",Boston,Boston,3,9
2010-06-16,New York,Pittsburgh,Pittsburgh,7,8
2010-06-16,Columbus,Winnipeg,Winnipeg,6,19
2010-06-16,Detroit,Chicago,Chicago,0,2
2010-06-17,Indianapolis,Winnipeg,Indianapolis,6,2
2010-06-17,St. Louis,Columbus,St. Louis,8,7
2010-06-17,Montreal,"Washington, D.C.","Washington, D.C.",1,2
2010-06-17,Pittsburgh,Boston,Boston,4,6
2010-06-17,Akron,St. Paul,St. Paul,4,7
2010-06-17,Toronto,New York,Toronto,5,4
2010-06-18,Indianapolis,Winnipeg,Winnipeg,4,9
2010-06-18,St. Louis,Columbus,Columbus,3,6
2010-06-18,Montreal,"Washington, D.C.","Washington, D.C.",0,1
2010-06-18,Pittsburgh,Boston,Pittsburgh,4,0
2010-06-18,Toronto,New York,Toronto,6,3
2010-06-18,Philadelphia,New Haven,Philadelphia,9,0
2010-06-18,Detroit,Chicago,Detroit,2,1
2010-06-19,Indianapolis,Winnipeg,Indianapolis,4,0
2010-06-19,St. Louis,Columbus,St. Louis,3,1
2010-06-19,Montreal,"Washington, D.C.",Montreal,5,4
2010-06-19,Pittsburgh,Boston,Boston,1,2
2010-06-19,Akron,St. Paul,St. Paul,1,6
2010-06-19,Toronto,New York,New York,0,6
2010-06-19,Philadelphia,New Haven,New Haven,4,8
2010-06-20,Philadelphia,New York,Philadelphia,8,7
2010-06-20,St. Louis,Detroit,St. Louis,11,4
2010-06-20,"Washington, D.C.",New Haven,New Haven,3,4
2010-06-20,Chicago,Indianapolis,Chicago,5,2
2010-06-20,Boston,Pittsburgh,Boston,12,1
2010-06-20,Akron,Winnipeg,Akron,8,2
2010-06-20,Montreal,Toronto,Toronto,7,9
2010-06-21,Philadelphia,New York,Philadelphia,2,1
2010-06-21,Columbus,St. Paul,Columbus,4,3
2010-06-21,St. Louis,Detroit,Detroit,1,4
2010-06-21,"Washington, D.C.",New Haven,New Haven,6,7
2010-06-21,Chicago,Indianapolis,Indianapolis,2,4
2010-06-21,Boston,Pittsburgh,Boston,3,2
2010-06-21,Akron,Winnipeg,Winnipeg,10,22
2010-06-21,Montreal,Toronto,Toronto,2,7
2010-06-22,Philadelphia,New York,Philadelphia,4,0
2010-06-22,Columbus,St. Paul,St. Paul,0,13
2010-06-22,St. Louis,Detroit,Detroit,6,13
2010-06-22,"Washington, D.C.",New Haven,"Washington, D.C.",11,3
2010-06-22,Chicago,Indianapolis,Indianapolis,4,8
2010-06-22,Akron,Winnipeg,Winnipeg,7,9
2010-06-22,Montreal,Toronto,Montreal,9,0
2010-06-23,New Haven,Pittsburgh,Pittsburgh,4,10
2010-06-23,Montreal,Philadelphia,Philadelphia,4,6
2010-06-23,Toronto,Boston,Boston,4,5
2010-06-23,Winnipeg,Detroit,Winnipeg,15,5
2010-06-23,St. Paul,Akron,St. Paul,5,3
2010-06-24,Columbus,Chicago,Columbus,6,2
2010-06-24,"Washington, D.C.",New York,"Washington, D.C.",3,2
2010-06-24,St. Louis,Indianapolis,Indianapolis,2,11
2010-06-24,New Haven,Pittsburgh,New Haven,4,2
2010-06-24,Montreal,Philadelphia,Montreal,3,2
2010-06-24,Toronto,Boston,Boston,2,8
2010-06-24,Winnipeg,Detroit,Winnipeg,5,2
2010-06-24,St. Paul,Akron,St. Paul,6,4
2010-06-25,Columbus,Chicago,Chicago,2,6
2010-06-25,"Washington, D.C.",New York,"Washington, D.C.",8,0
2010-06-25,St. Louis,Indianapolis,St. Louis,4,2
2010-06-25,New Haven,Pittsburgh,New Haven,6,5
2010-06-25,Montreal,Philadelphia,Philadelphia,0,10
2010-06-25,Toronto,Boston,Toronto,4,3
2010-06-25,Winnipeg,Detroit,Winnipeg,4,1
2010-06-25,St. Paul,Akron,Akron,2,5
2010-06-26,"Washington, D.C.",New York,New York,2,6
2010-06-26,St. Louis,Indianapolis,St. Louis,5,0
2010-06-26,Winnipeg,Akron,Winnipeg,6,3
2010-06-26,Montreal,Pittsburgh,Pittsburgh,4,9
2010-06-27,Chicago,Detroit,Chicago,16,3
2010-06-27,New York,Philadelphia,Philadelphia,1,10
2010-06-27,Columbus,St. Louis,St. Louis,0,1
2010-06-27,Indianapolis,St. Paul,Indianapolis,10,3
2010-06-27,New Haven,"Washington, D.C.",New Haven,2,1
2010-06-27,Boston,Toronto,Toronto,2,6
2010-06-27,Winnipeg,Akron,Akron,5,10
2010-06-27,Montreal,Pittsburgh,Pittsburgh,3,5
2010-06-28,Chicago,Detroit,Chicago,10,6
2010-06-28,New York,Philadelphia,Philadelphia,4,5
2010-06-28,Columbus,St. Louis,Columbus,6,4
2010-06-28,Indianapolis,St. Paul,St. Paul,5,8
2010-06-28,New Haven,"Washington, D.C.","Washington, D.C.",0,5
2010-06-28,Boston,Toronto,Toronto,2,5
2010-06-28,Winnipeg,Akron,Winnipeg,11,4
2010-06-28,Montreal,Pittsburgh,Montreal,11,4
2010-06-29,Chicago,Detroit,Chicago,3,2
2010-06-29,New York,Philadelphia,Philadelphia,3,6
2010-06-29,Columbus,St. Louis,Columbus,4,1
2010-06-29,Indianapolis,St. Paul,St. Paul,3,5
2010-06-29,New Haven,"Washington, D.C.",New Haven,7,2
2010-06-29,Boston,Toronto,Boston,3,2
2010-05-10,Detroit,Chicago,Tie in regulation,2,2,Detroit,3,2,3
2010-05-11,Winnipeg,Columbus,Tie in regulation,0,0,Winnipeg,2,1,21
2010-05-13,Winnipeg,Columbus,Tie in regulation,3,3,Columbus,3,7,29
2010-05-14,Detroit,Winnipeg,Tie in regulation,1,1,Detroit,4,3,5
2010-05-14,St. Louis,Indianapolis,Tie in regulation,1,1,Indianapolis,1,2,29
2010-05-15,Montreal,Toronto,Tie in regulation,2,2,Toronto,4,7,24
2010-05-16,Montreal,Toronto,Tie in regulation,7,7,Montreal,10,9,5
2010-05-19,New York,"Washington, D.C.",Tie in regulation,6,6,New York,8,6,10
2010-05-20,Toronto,New Haven,Tie in regulation,1,1,Toronto,5,3,4
2010-05-21,New Haven,"Washington, D.C.",Tie in regulation,4,4,"Washington, D.C.",6,7,12
2010-05-22,St. Paul,Detroit,Tie in regulation,1,1,St. Paul,3,2,47
2010-05-23,Chicago,Columbus,Tie in regulation,6,6,Chicago,9,8,6
2010-05-23,New Haven,"Washington, D.C.",Tie in regulation,1,1,"Washington, D.C.",1,2,6
2010-05-26,Columbus,Chicago,Tie in regulation,5,5,Chicago,5,6,12
2010-05-31,Akron,St. Paul,Tie in regulation,9,9,Akron,10,9,6
2010-06-03,Philadelphia,Montreal,Tie in regulation,3,3,Philadelphia,6,5,3
2010-06-05,Chicago,Columbus,Tie in regulation,7,7,Columbus,7,10,29
2010-06-07,Detroit,Winnipeg,Tie in regulation,3,3,Detroit,4,3,12
2010-06-07,St. Paul,Columbus,Tie in regulation,3,3,St. Paul,5,4,6
2010-06-08,Detroit,Winnipeg,Tie in regulation,5,5,Winnipeg,7,8,6
2010-06-08,Indianapolis,Chicago,Tie in regulation,1,1,Indianapolis,2,1,12
2010-06-14,Detroit,St. Louis,Tie in regulation,4,4,Detroit,7,6,4
2010-06-17,Philadelphia,New Haven,Tie in regulation,1,1,New Haven,2,4,6
2010-06-17,Detroit,Chicago,Tie in regulation,7,7,Chicago,8,9,30
2010-06-18,Akron,St. Paul,Tie in regulation,3,3,Akron,4,3,24
2010-06-20,Columbus,St. Paul,Tie in regulation,3,3,Columbus,4,3,6
2010-06-22,Boston,Pittsburgh,Tie in regulation,3,3,Boston,5,4,5
2010-06-26,Columbus,Chicago,Tie in regulation,5,5,Chicago,6,7,12
2010-06-30,,,
2010-07-01,,,
2010-07-02,,,
2010-07-03,,,
2010-07-04,Detroit,Akron,Akron,4,8
2010-07-04,New Haven,Montreal,New Haven,3,0
2010-07-04,Chicago,St. Paul,Chicago,7,1
2010-07-04,Boston,New York,New York,0,3
2010-07-04,"Washington, D.C.",Pittsburgh,"Washington, D.C.",7,2
2010-07-04,Winnipeg,St. Louis,St. Louis,2,4
2010-07-04,Indianapolis,Columbus,Columbus,8,11
2010-07-05,Winnipeg,St. Louis,St. Louis,3,6
2010-07-05,Toronto,Philadelphia,Toronto,2,1
2010-07-05,Indianapolis,Columbus,Indianapolis,5,1
2010-07-05,Detroit,Akron,Akron,1,4
2010-07-05,New Haven,Montreal,Montreal,0,1
2010-07-05,Chicago,St. Paul,St. Paul,0,5
2010-07-05,Boston,New York,New York,7,10
2010-07-05,"Washington, D.C.",Pittsburgh,"Washington, D.C.",4,0
2010-07-06,Winnipeg,St. Louis,Winnipeg,9,3
2010-07-06,Toronto,Philadelphia,Toronto,10,5
2010-07-06,Indianapolis,Columbus,Columbus,3,4
2010-07-06,Detroit,Akron,Akron,0,1
2010-07-06,New Haven,Montreal,New Haven,3,2
2010-07-06,Chicago,St. Paul,Chicago,9,3
2010-07-06,Boston,New York,New York,5,7
2010-07-06,"Washington, D.C.",Pittsburgh,Pittsburgh,3,8
2010-07-07,Winnipeg,St. Louis,Winnipeg,3,2
2010-07-07,Toronto,Philadelphia,Toronto,3,2
2010-07-07,Indianapolis,Columbus,Indianapolis,6,2
2010-07-07,New York,Boston,Boston,1,3
2010-07-07,Akron,Detroit,Akron,11,4
2010-07-07,New Haven,Montreal,Montreal,1,2
2010-07-07,Chicago,St. Paul,Chicago,9,4
2010-07-08,Pittsburgh,Philadelphia,Pittsburgh,4,2
2010-07-08,St. Louis,St. Paul,St. Louis,6,5
2010-07-08,"Washington, D.C.",Toronto,"Washington, D.C.",4,2
2010-07-08,Columbus,Indianapolis,Columbus,4,3
2010-07-08,Chicago,Winnipeg,Chicago,13,4
2010-07-08,Akron,Detroit,Detroit,5,8
2010-07-09,Pittsburgh,Philadelphia,Pittsburgh,11,3
2010-07-09,St. Louis,St. Paul,St. Louis,4,2
2010-07-09,"Washington, D.C.",Toronto,Toronto,0,13
2010-07-09,Columbus,Indianapolis,Indianapolis,6,7
2010-07-09,New York,Boston,New York,2,1
2010-07-09,Akron,Detroit,Akron,6,5
2010-07-10,Pittsburgh,Philadelphia,Philadelphia,0,2
2010-07-10,St. Louis,St. Paul,St. Louis,3,0
2010-07-10,"Washington, D.C.",Toronto,"Washington, D.C.",3,1
2010-07-10,Chicago,Winnipeg,Chicago,6,4
2010-07-11,Detroit,Indianapolis,Indianapolis,6,8
2010-07-11,Boston,Montreal,Boston,10,3
2010-07-11,Pittsburgh,Toronto,Toronto,8,12
2010-07-11,"Washington, D.C.",Philadelphia,Philadelphia,1,2
2010-07-11,New York,New Haven,New York,5,2
2010-07-11,St. Paul,St. Louis,St. Paul,1,0
2010-07-11,Columbus,Akron,Akron,0,8
2010-07-12,Detroit,Indianapolis,Detroit,4,3
2010-07-12,Winnipeg,Chicago,Winnipeg,5,1
2010-07-12,Boston,Montreal,Montreal,7,14
2010-07-12,Pittsburgh,Toronto,Pittsburgh,5,2
2010-07-12,"Washington, D.C.",Philadelphia,"Washington, D.C.",7,4
2010-07-12,New York,New Haven,New Haven,5,9
2010-07-12,St. Paul,St. Louis,St. Louis,11,14
2010-07-12,Columbus,Akron,Columbus,4,3
2010-07-13,Detroit,Indianapolis,Detroit,14,3
2010-07-13,Winnipeg,Chicago,Chicago,2,10
2010-07-13,Pittsburgh,Toronto,Toronto,3,5
2010-07-13,"Washington, D.C.",Philadelphia,Philadelphia,4,10
2010-07-13,New York,New Haven,New Haven,2,8
2010-07-13,St. Paul,St. Louis,St. Paul,6,4
2010-07-13,"Washington, D.C.",Philadelphia,Philadelphia,4,16
2010-07-14,Columbus,Detroit,Detroit,5,6
2010-07-14,Boston,New Haven,New Haven,0,5
2010-07-14,St. Louis,Chicago,Chicago,5,9
2010-07-14,Philadelphia,"Washington, D.C.",Philadelphia,4,1
2010-07-14,Montreal,New York,New York,2,3
2010-07-14,Toronto,Pittsburgh,Pittsburgh,5,8
2010-07-15,St. Paul,Winnipeg,Winnipeg,3,5
2010-07-15,Indianapolis,Akron,Indianapolis,3,0
2010-07-15,Boston,New Haven,Boston,4,1
2010-07-15,St. Louis,Chicago,Chicago,2,3
2010-07-15,Philadelphia,"Washington, D.C.",Philadelphia,3,2
2010-07-15,Montreal,New York,Montreal,8,1
2010-07-16,St. Paul,Winnipeg,St. Paul,6,3
2010-07-16,Indianapolis,Akron,Akron,3,4
2010-07-16,Toronto,Pittsburgh,Pittsburgh,3,4
2010-07-16,Columbus,Detroit,Columbus,12,10
2010-07-16,Boston,New Haven,Boston,1,0
2010-07-16,St. Louis,Chicago,St. Louis,5,2
2010-07-16,Philadelphia,"Washington, D.C.","Washington, D.C.",3,8
2010-07-16,Montreal,New York,New York,2,4
2010-07-16,Montreal,New York,New York,2,6
2010-07-16,Boston,New Haven,New Haven,2,7
2010-07-17,St. Paul,Winnipeg,Winnipeg,7,9
2010-07-17,Indianapolis,Akron,Indianapolis,3,2
2010-07-17,Toronto,Pittsburgh,Toronto,1,0
2010-07-17,Chicago,New York,New York,3,5
2010-07-17,St. Louis,Boston,St. Louis,5,2
2010-07-18,Akron,Toronto,Toronto,0,5
2010-07-18,Winnipeg,Montreal,Winnipeg,20,1
2010-07-18,Columbus,"Washington, D.C.",Columbus,2,0
2010-07-18,Pittsburgh,Indianapolis,Pittsburgh,9,3
2010-07-18,New Haven,St. Paul,New Haven,2,1
2010-07-18,Philadelphia,Detroit,Philadelphia,6,3
2010-07-18,Chicago,New York,Chicago,3,2
2010-07-18,St. Louis,Boston,Boston,1,5
2010-07-19,Akron,Toronto,Toronto,7,8
2010-07-19,Winnipeg,Montreal,Montreal,1,2
2010-07-19,Columbus,"Washington, D.C.",Columbus,2,1
2010-07-19,Pittsburgh,Indianapolis,Indianapolis,1,3
2010-07-19,New Haven,St. Paul,New Haven,6,5
2010-07-19,Philadelphia,Detroit,Detroit,0,4
2010-07-19,Chicago,New York,New York,1,3
2010-07-19,St. Louis,Boston,St. Louis,5,2
2010-07-20,Akron,Toronto,Akron,5,3
2010-07-20,Winnipeg,Montreal,Winnipeg,11,4
2010-07-20,Pittsburgh,Indianapolis,Pittsburgh,4,1
2010-07-20,New Haven,St. Paul,St. Paul,4,6
2010-07-21,Toronto,Detroit,Detroit,3,4
2010-07-21,Boston,St. Paul,Boston,6,1
2010-07-21,Columbus,Pittsburgh,Columbus,13,9
2010-07-21,Chicago,New Haven,New Haven,2,9
2010-07-21,Montreal,St. Louis,St. Louis,1,5
2010-07-21,Philadelphia,Indianapolis,Indianapolis,0,3
2010-07-21,Akron,"Washington, D.C.","Washington, D.C.",0,3
2010-07-22,Winnipeg,New York,New York,2,6
2010-07-22,Toronto,Detroit,Detroit,0,7
2010-07-22,Boston,St. Paul,St. Paul,0,2
2010-07-22,Columbus,Pittsburgh,Columbus,4,3
2010-07-22,Chicago,New Haven,Chicago,4,3
2010-07-22,Montreal,St. Louis,Montreal,2,1
2010-07-22,Philadelphia,Indianapolis,Indianapolis,3,8
2010-07-22,Akron,"Washington, D.C.",Akron,8,5
2010-07-23,Winnipeg,New York,Winnipeg,5,2
2010-07-23,Toronto,Detroit,Toronto,8,0
2010-07-23,Boston,St. Paul,St. Paul,5,10
2010-07-23,Columbus,Pittsburgh,Pittsburgh,5,9
2010-07-23,Montreal,St. Louis,St. Louis,3,5
2010-07-23,Philadelphia,Indianapolis,Philadelphia,6,5
2010-07-23,Akron,"Washington, D.C.","Washington, D.C.",2,4
2010-07-24,New Haven,Chicago,New Haven,6,1
2010-07-24,Indianapolis,Toronto,Toronto,0,8
2010-07-24,Winnipeg,Boston,Boston,2,3
2010-07-24,Detroit,"Washington, D.C.",Detroit,8,7
2010-07-25,Columbus,Philadelphia,Philadelphia,6,12
2010-07-25,St. Paul,Montreal,St. Paul,6,4
2010-07-25,St. Louis,New York,New York,7,13
2010-07-25,New Haven,Chicago,Chicago,6,9
2010-07-25,Indianapolis,Toronto,Toronto,1,7
2010-07-25,Winnipeg,Boston,Winnipeg,11,4
2010-07-25,Akron,Pittsburgh,Akron,3,1
2010-07-25,Detroit,"Washington, D.C.","Washington, D.C.",4,7
2010-07-26,Columbus,Philadelphia,Philadelphia,5,6
2010-07-26,St. Paul,Montreal,St. Paul,8,7
2010-07-26,St. Louis,New York,St. Louis,6,1
2010-07-26,New Haven,Chicago,New Haven,8,6
2010-07-26,Indianapolis,Toronto,Indianapolis,8,4
2010-07-26,Winnipeg,Boston,Winnipeg,11,2
2010-07-26,Akron,Pittsburgh,Pittsburgh,0,7
2010-07-26,Detroit,"Washington, D.C.",Detroit,7,4
2010-07-27,Columbus,Philadelphia,Philadelphia,1,7
2010-07-27,St. Paul,Montreal,St. Paul,5,1
2010-07-27,St. Louis,New York,New York,1,5
2010-07-27,Indianapolis,Pittsburgh,Pittsburgh,4,10
2010-07-27,Boston,Chicago,Boston,4,1
2010-07-28,Montreal,Winnipeg,Winnipeg,2,8
2010-07-28,New Haven,St. Louis,St. Louis,5,10
2010-07-28,Toronto,Columbus,Toronto,5,1
2010-07-28,Akron,Philadelphia,Philadelphia,2,5
2010-07-28,New York,St. Paul,St. Paul,11,12
2010-07-28,"Washington, D.C.",Detroit,"Washington, D.C.",7,0
2010-07-28,Indianapolis,Pittsburgh,Indianapolis,11,1
2010-07-28,Boston,Chicago,Boston,7,6
2010-07-29,Montreal,Winnipeg,Montreal,10,5
2010-07-29,New Haven,St. Louis,St. Louis,3,8
2010-07-29,Toronto,Columbus,Columbus,0,1
2010-07-29,Akron,Philadelphia,Philadelphia,4,6
2010-07-29,New York,St. Paul,St. Paul,0,13
2010-07-29,"Washington, D.C.",Detroit,"Washington, D.C.",5,2
2010-07-29,Indianapolis,Pittsburgh,Pittsburgh,1,3
2010-07-29,Boston,Chicago,Chicago,2,11
2010-07-30,Montreal,Winnipeg,Winnipeg,5,7
2010-07-30,New Haven,St. Louis,St. Louis,1,5
2010-07-30,Toronto,Columbus,Columbus,7,9
2010-07-30,Akron,Philadelphia,Akron,4,1
2010-07-30,New York,St. Paul,New York,7,4
2010-07-30,"Washington, D.C.",Detroit,"Washington, D.C.",7,1
2010-07-31,New York,Chicago,New York,14,10
2010-07-31,St. Louis,Montreal,St. Louis,3,2
2010-07-31,Pittsburgh,Detroit,Pittsburgh,4,3
2010-07-31,Boston,Winnipeg,Boston,7,2
2010-07-31,Philadelphia,Columbus,Philadelphia,4,1
2010-07-31,St. Paul,New Haven,New Haven,2,5
2010-08-01,Indianapolis,"Washington, D.C.","Washington, D.C.",5,6
2010-08-01,New York,Chicago,Chicago,3,7
2010-08-01,St. Louis,Montreal,St. Louis,4,3
2010-08-01,Pittsburgh,Detroit,Detroit,4,9
2010-08-01,Boston,Winnipeg,Winnipeg,3,7
2010-08-01,Philadelphia,Columbus,Philadelphia,1,0
2010-08-01,St. Paul,New Haven,New Haven,3,7
2010-08-02,Indianapolis,"Washington, D.C.","Washington, D.C.",2,7
2010-08-02,New York,Chicago,Chicago,1,12
2010-08-02,St. Louis,Montreal,St. Louis,4,0
2010-08-02,Pittsburgh,Detroit,Detroit,1,3
2010-08-02,Boston,Winnipeg,Winnipeg,0,2
2010-08-02,Philadelphia,Columbus,Philadelphia,4,2
2010-08-02,Toronto,Akron,Akron,3,4
2010-08-02,St. Paul,New Haven,St. Paul,6,1
2010-08-03,Montreal,Chicago,Chicago,3,4
2010-08-03,Philadelphia,Akron,Philadelphia,4,3
2010-08-03,New York,Winnipeg,New York,17,7
2010-08-03,Columbus,Toronto,Columbus,7,5
2010-08-04,St. Louis,New Haven,New Haven,1,4
2010-08-04,"Washington, D.C.",Indianapolis,"Washington, D.C.",10,1
2010-08-04,St. Paul,Boston,Boston,3,5
2010-08-04,Montreal,Chicago,Chicago,0,7
2010-08-04,Philadelphia,Akron,Akron,2,3
2010-08-04,New York,Winnipeg,Winnipeg,5,7
2010-08-04,Columbus,Toronto,Columbus,5,1
2010-08-05,St. Louis,New Haven,St. Louis,9,4
2010-08-05,"Washington, D.C.",Indianapolis,Indianapolis,6,7
2010-08-05,St. Paul,Boston,Boston,1,2
2010-08-05,Montreal,Chicago,Montreal,2,1
2010-08-05,Philadelphia,Akron,Philadelphia,1,0
2010-08-05,New York,Winnipeg,Winnipeg,1,9
2010-08-05,Columbus,Toronto,Columbus,6,2
2010-08-06,St. Louis,New Haven,St. Louis,10,1
2010-08-06,Detroit,Pittsburgh,Detroit,5,4
2010-08-06,"Washington, D.C.",Indianapolis,Indianapolis,6,12
2010-08-06,St. Paul,New York,New York,3,17
2010-08-07,Toronto,Indianapolis,Indianapolis,2,6
2010-08-07,Boston,St. Louis,St. Louis,2,4
2010-08-07,Pittsburgh,Akron,Akron,4,7
2010-08-07,Detroit,Philadelphia,Philadelphia,0,5
2010-08-07,Chicago,Montreal,Montreal,6,9
2010-08-07,St. Paul,New York,New York,2,5
2010-08-08,Toronto,Indianapolis,Indianapolis,4,8
2010-08-08,Pittsburgh,Akron,Pittsburgh,6,0
2010-08-08,New Haven,Winnipeg,New Haven,4,2
2010-08-08,Detroit,Philadelphia,Philadelphia,1,3
2010-08-08,Chicago,Montreal,Chicago,9,8
2010-08-08,St. Paul,New York,St. Paul,9,7
2010-08-09,Toronto,Indianapolis,Indianapolis,1,9
2010-08-09,New Haven,Winnipeg,New Haven,3,2
2010-08-09,Detroit,Philadelphia,Detroit,7,4
2010-08-09,"Washington, D.C.",Columbus,Columbus,1,7
2010-08-09,Chicago,Montreal,Chicago,7,0
2010-08-10,Indianapolis,Philadelphia,Philadelphia,3,4
2010-08-10,New York,St. Louis,St. Louis,0,2
2010-08-10,Montreal,St. Paul,St. Paul,4,8
2010-08-10,"Washington, D.C.",Akron,"Washington, D.C.",3,2
2010-08-10,Detroit,Toronto,Toronto,2,12
2010-08-10,Pittsburgh,Columbus,Columbus,8,14
2010-08-10,Chicago,Boston,Chicago,6,4
2010-08-10,Winnipeg,New Haven,Winnipeg,4,1
2010-08-11,Indianapolis,Philadelphia,Philadelphia,5,6
2010-08-11,New York,St. Louis,St. Louis,2,11
2010-08-11,Montreal,St. Paul,Montreal,5,4
2010-08-11,"Washington, D.C.",Akron,"Washington, D.C.",8,7
2010-08-11,Detroit,Toronto,Detroit,2,0
2010-08-11,Pittsburgh,Columbus,Columbus,4,5
2010-08-11,Chicago,Boston,Chicago,13,5
2010-08-11,Winnipeg,New Haven,New Haven,3,8
2010-08-12,Indianapolis,Philadelphia,Indianapolis,3,2
2010-08-12,"Washington, D.C.",Akron,Akron,3,5
2010-08-12,Detroit,Toronto,Detroit,8,6
2010-08-12,Pittsburgh,Columbus,Pittsburgh,7,2
2010-08-12,Chicago,Boston,Chicago,4,1
2010-08-12,Winnipeg,New Haven,Winnipeg,10,6
2010-07-08,Montreal,New Haven,Tie in regulation,2,2,New Haven,2,5,24
2010-07-08,New York,Boston,Tie in regulation,1,1,New York,3,2,12
2010-07-09,Chicago,Winnipeg,Tie in regulation,5,5,Chicago,6,5,4
2010-07-09,Montreal,New Haven,Tie in regulation,0,0,New Haven,2,5,29
2010-07-10,Columbus,Indianapolis,Tie in regulation,4,4,Indianapolis,6,7,6
2010-07-10,Montreal,New Haven,Tie in regulation,5,5,Montreal,8,7,4
2010-07-11,Winnipeg,Chicago,Tie in regulation,2,2,Chicago,4,6,10
2010-07-13,Boston,Montreal,Tie in regulation,7,7,Montreal,9,12,5
2010-07-13,Columbus,Akron,Tie in regulation,10,10,Akron,10,12,6
2010-07-15,Toronto,Pittsburgh,Tie in regulation,7,7,Pittsburgh,7,8,4
2010-07-15,Columbus,Detroit,Tie in regulation,3,3,Columbus,4,3,35
2010-07-17,Philadelphia,Detroit,Tie in regulation,2,2,Detroit,3,4,16
2010-07-20,Columbus,"Washington, D.C.",Tie in regulation,3,3,"Washington, D.C.",3,5,6
2010-07-21,Winnipeg,New York,Tie in regulation,7,7,Winnipeg,9,8,6
2010-07-23,Chicago,New Haven,Tie in regulation,5,5,Chicago,8,7,6
2010-07-24,Akron,Pittsburgh,Tie in regulation,4,4,Akron,6,5,15
2010-07-31,Indianapolis,"Washington, D.C.",Tie in regulation,8,8,Indianapolis,9,8,12
2010-07-31,Toronto,Akron,Tie in regulation,5,5,Toronto,6,5,4
2010-08-01,Toronto,Akron,Tie in regulation,4,4,Toronto,5,4,3
2010-08-03,St. Paul,Boston,Tie in regulation,5,5,Boston,5,9,9
2010-08-04,Detroit,Pittsburgh,Tie in regulation,4,4,Pittsburgh,4,8,5
2010-08-05,Detroit,Pittsburgh,Tie in regulation,3,3,Detroit,4,3,15
2010-08-07,New Haven,Winnipeg,Tie in regulation,4,4,New Haven,6,5,3
2010-08-07,"Washington, D.C.",Columbus,Tie in regulation,3,3,Columbus,3,4,21
2010-08-08,Boston,St. Louis,Tie in regulation,2,2,Boston,4,3,6
2010-08-08,"Washington, D.C.",Columbus,Tie in regulation,9,9,"Washington, D.C.",10,9,4
2010-08-09,Boston,St. Louis,Tie in regulation,4,4,St. Louis,5,8,36
2010-08-09,Pittsburgh,Akron,Tie in regulation,5,5,Akron,7,9,12
2010-08-12,New York,St. Louis,Tie in regulation,1,1,New York,4,3,10
2010-08-12,Montreal,St. Paul,Tie in regulation,2,2,Montreal,5,4,29
2010-08-13,,,
2010-08-14,,,
2010-08-15,,,
2010-08-16,New Haven,New York,New Haven,6,1
2010-08-16,Philadelphia,Toronto,Toronto,2,4
2010-08-16,Indianapolis,Detroit,Indianapolis,6,3
2010-08-16,Winnipeg,St. Paul,Winnipeg,7,6
2010-08-16,Akron,Columbus,Akron,6,5
2010-08-17,Pittsburgh,"Washington, D.C.",Pittsburgh,3,2
2010-08-17,Chicago,St. Louis,Chicago,1,0
2010-08-17,Montreal,Boston,Boston,1,3
2010-08-17,New Haven,New York,New Haven,7,5
2010-08-17,Philadelphia,Toronto,Philadelphia,6,4
2010-08-17,Indianapolis,Detroit,Detroit,4,7
2010-08-17,Winnipeg,St. Paul,Winnipeg,5,4
2010-08-17,Akron,Columbus,Columbus,2,5
2010-08-18,Pittsburgh,"Washington, D.C.","Washington, D.C.",0,4
2010-08-18,Chicago,St. Louis,Chicago,13,3
2010-08-18,Montreal,Boston,Boston,2,5
2010-08-18,New Haven,New York,New Haven,5,2
2010-08-18,Philadelphia,Toronto,Philadelphia,4,1
2010-08-18,Indianapolis,Detroit,Indianapolis,6,1
2010-08-18,Winnipeg,St. Paul,Winnipeg,5,3
2010-08-18,Akron,Columbus,Columbus,2,4
2010-08-19,Pittsburgh,"Washington, D.C.",Pittsburgh,4,2
2010-08-19,Chicago,St. Louis,Chicago,8,7
2010-08-19,Montreal,Boston,Montreal,3,0
2010-08-19,New Haven,New York,New Haven,3,2
2010-08-19,Akron,Indianapolis,Akron,3,0
2010-08-19,Detroit,Columbus,Columbus,0,5
2010-08-20,New Haven,Boston,New Haven,5,4
2010-08-20,Toronto,"Washington, D.C.","Washington, D.C.",1,7
2010-08-20,St. Paul,Chicago,St. Paul,13,1
2010-08-20,New York,Montreal,New York,12,11
2010-08-20,St. Louis,Winnipeg,St. Louis,10,4
2010-08-20,Philadelphia,Pittsburgh,Philadelphia,10,2
2010-08-20,Detroit,Columbus,Columbus,3,9
2010-08-20,Akron,Indianapolis,Akron,9,5
2010-08-21,New Haven,Boston,Boston,5,10
2010-08-21,Toronto,"Washington, D.C.","Washington, D.C.",0,4
2010-08-21,St. Paul,Chicago,Chicago,3,5
2010-08-21,New York,Montreal,New York,9,6
2010-08-21,St. Louis,Winnipeg,Winnipeg,2,3
2010-08-21,Philadelphia,Pittsburgh,Pittsburgh,0,9
2010-08-21,Detroit,Columbus,Detroit,3,1
2010-08-21,Akron,Indianapolis,Akron,2,1
2010-08-21,New York,Montreal,New York,5,0
2010-08-22,New Haven,Boston,Boston,5,9
2010-08-22,Toronto,"Washington, D.C.","Washington, D.C.",1,2
2010-08-22,St. Paul,Chicago,Chicago,2,5
2010-08-22,New York,Montreal,New York,9,0
2010-08-22,Philadelphia,Pittsburgh,Philadelphia,7,4
2010-08-22,Akron,Indianapolis,Akron,7,4
2010-08-22,New Haven,Boston,Boston,0,4
2010-08-23,Chicago,Winnipeg,Winnipeg,3,5
2010-08-23,Columbus,Detroit,Detroit,5,6
2010-08-23,Boston,New York,New York,3,8
2010-08-23,"Washington, D.C.",Pittsburgh,"Washington, D.C.",6,4
2010-08-23,St. Paul,St. Louis,St. Paul,9,7
2010-08-24,St. Paul,St. Louis,St. Louis,4,5
2010-08-24,Indianapolis,Akron,Indianapolis,10,9
2010-08-24,"Washington, D.C.",Pittsburgh,"Washington, D.C.",8,7
2010-08-24,Philadelphia,Toronto,Philadelphia,5,0
2010-08-24,Columbus,Detroit,Detroit,2,3
2010-08-24,Boston,New York,New York,1,8
2010-08-24,New Haven,Montreal,New Haven,7,6
2010-08-25,St. Paul,St. Louis,St. Louis,4,7
2010-08-25,Indianapolis,Akron,Akron,2,8
2010-08-25,"Washington, D.C.",Pittsburgh,"Washington, D.C.",6,1
2010-08-25,Chicago,Winnipeg,Chicago,5,4
2010-08-25,Philadelphia,Toronto,Philadelphia,10,3
2010-08-25,Columbus,Detroit,Columbus,4,0
2010-08-25,Boston,New York,Boston,7,6
2010-08-25,New Haven,Montreal,New Haven,12,6
2010-08-25,Columbus,Detroit,Detroit,2,3
2010-08-26,St. Paul,St. Louis,St. Paul,5,3
2010-08-26,Indianapolis,Akron,Akron,3,5
2010-08-26,"Washington, D.C.",Pittsburgh,Pittsburgh,0,2
2010-08-26,Detroit,Columbus,Columbus,4,15
2010-08-26,Boston,Montreal,Montreal,4,9
2010-08-26,Philadelphia,Toronto,Toronto,4,5
2010-08-26,Winnipeg,Chicago,Chicago,1,3
2010-08-27,St. Louis,St. Paul,St. Paul,3,5
2010-08-27,Toronto,"Washington, D.C.",Toronto,3,2
2010-08-27,Pittsburgh,Philadelphia,Philadelphia,4,6
2010-08-27,Winnipeg,Chicago,Chicago,3,9
2010-08-27,New Haven,New York,New Haven,4,1
2010-08-27,Detroit,Columbus,Detroit,10,3
2010-08-28,Toronto,"Washington, D.C.",Toronto,4,2
2010-08-28,Pittsburgh,Philadelphia,Philadelphia,5,16
2010-08-28,Akron,Indianapolis,Akron,6,1
2010-08-28,Winnipeg,Chicago,Chicago,1,3
2010-08-28,Boston,Montreal,Boston,10,4
2010-08-28,New Haven,New York,New Haven,8,2
2010-08-28,Detroit,Columbus,Detroit,3,0
2010-08-29,St. Louis,St. Paul,St. Louis,6,2
2010-08-29,Toronto,"Washington, D.C.",Toronto,13,2
2010-08-29,Akron,Indianapolis,Indianapolis,2,8
2010-08-29,Winnipeg,Chicago,Winnipeg,2,1
2010-08-29,Boston,Montreal,Boston,4,1
2010-08-29,Detroit,New Haven,New Haven,2,3
2010-08-30,"Washington, D.C.",St. Louis,"Washington, D.C.",5,3
2010-08-30,Toronto,St. Paul,Toronto,9,7
2010-08-30,Boston,Columbus,Boston,7,5
2010-08-30,New York,Akron,Akron,0,1
2010-08-30,Philadelphia,Winnipeg,Philadelphia,5,2
2010-08-30,Indianapolis,Montreal,Indianapolis,6,2
2010-08-30,Detroit,New Haven,New Haven,1,10
2010-08-31,"Washington, D.C.",St. Louis,"Washington, D.C.",9,4
2010-08-31,Pittsburgh,Chicago,Pittsburgh,4,2
2010-08-31,Toronto,St. Paul,St. Paul,4,7
2010-08-31,Boston,Columbus,Columbus,4,7
2010-08-31,New York,Akron,New York,6,1
2010-08-31,Philadelphia,Winnipeg,Winnipeg,5,7
2010-08-31,Indianapolis,Montreal,Indianapolis,7,2
2010-08-31,Detroit,New Haven,New Haven,1,2
2010-09-01,"Washington, D.C.",St. Louis,St. Louis,2,8
2010-09-01,Pittsburgh,Chicago,Pittsburgh,5,2
2010-09-01,Toronto,St. Paul,Toronto,8,1
2010-09-01,Boston,Columbus,Columbus,2,3
2010-09-01,New York,Akron,Akron,6,12
2010-09-01,Philadelphia,Winnipeg,Philadelphia,12,3
2010-09-01,Indianapolis,Montreal,Montreal,1,11
2010-09-02,St. Louis,Philadelphia,St. Louis,4,3
2010-09-02,New York,Columbus,New York,6,2
2010-09-02,Pittsburgh,Winnipeg,Pittsburgh,2,0
2010-09-02,Chicago,Toronto,Toronto,5,8
2010-09-02,Boston,Indianapolis,Indianapolis,4,5
2010-09-03,Detroit,Montreal,Montreal,6,7
2010-09-03,New Haven,Akron,New Haven,3,2
2010-09-03,"Washington, D.C.",St. Paul,"Washington, D.C.",12,1
2010-09-03,St. Louis,Philadelphia,Philadelphia,2,4
2010-09-03,New York,Columbus,Columbus,2,6
2010-09-03,Pittsburgh,Winnipeg,Pittsburgh,5,0
2010-09-03,Chicago,Toronto,Chicago,14,1
2010-09-03,Boston,Indianapolis,Indianapolis,1,4
2010-09-04,Detroit,Montreal,Detroit,6,3
2010-09-04,New Haven,Akron,Akron,3,4
2010-09-04,"Washington, D.C.",St. Paul,"Washington, D.C.",6,0
2010-09-04,St. Louis,Philadelphia,Philadelphia,1,8
2010-09-04,New York,Columbus,Columbus,0,8
2010-09-04,Pittsburgh,Winnipeg,Pittsburgh,2,1
2010-09-04,Chicago,Toronto,Chicago,6,3
2010-09-05,Detroit,Montreal,Montreal,6,8
2010-09-05,New Haven,Akron,New Haven,7,1
2010-09-05,"Washington, D.C.",St. Paul,"Washington, D.C.",8,2
2010-09-05,Toronto,St. Louis,Toronto,4,1
2010-09-05,Indianapolis,New York,New York,2,7
2010-09-06,Chicago,"Washington, D.C.",Chicago,10,3
2010-09-06,Montreal,Columbus,Montreal,8,7
2010-09-06,St. Paul,Pittsburgh,Pittsburgh,3,5
2010-09-06,Winnipeg,Philadelphia,Winnipeg,2,1
2010-09-06,Akron,New Haven,Akron,4,3
2010-09-06,Toronto,St. Louis,St. Louis,0,6
2010-09-06,Indianapolis,New York,New York,3,6
2010-09-07,Chicago,"Washington, D.C.",Chicago,12,4
2010-09-07,Montreal,Columbus,Columbus,5,10
2010-09-07,Detroit,Boston,Boston,8,10
2010-09-07,St. Paul,Pittsburgh,Pittsburgh,2,4
2010-09-07,Winnipeg,Philadelphia,Winnipeg,1,0
2010-09-07,Akron,New Haven,New Haven,3,6
2010-09-07,Toronto,St. Louis,Toronto,9,6
2010-09-07,Indianapolis,New York,New York,1,6
2010-09-08,Chicago,"Washington, D.C.",Chicago,5,0
2010-09-08,Montreal,Columbus,Columbus,4,9
2010-09-08,Detroit,Boston,Detroit,6,3
2010-09-08,St. Paul,Pittsburgh,Pittsburgh,0,4
2010-09-08,Winnipeg,Philadelphia,Philadelphia,3,12
2010-09-09,Columbus,Montreal,Montreal,2,8
2010-09-09,St. Louis,"Washington, D.C.","Washington, D.C.",0,6
2010-09-09,Toronto,Winnipeg,Toronto,6,1
2010-09-09,New Haven,Indianapolis,New Haven,11,4
2010-09-09,Pittsburgh,St. Paul,Pittsburgh,4,3
2010-09-09,Boston,Akron,Boston,5,3
2010-09-09,Philadelphia,Chicago,Philadelphia,4,3
2010-09-09,New York,Detroit,Detroit,0,1
2010-09-10,Columbus,Montreal,Columbus,5,4
2010-09-10,St. Louis,"Washington, D.C.",St. Louis,10,3
2010-09-10,Toronto,Winnipeg,Winnipeg,2,7
2010-09-10,New Haven,Indianapolis,Indianapolis,2,10
2010-09-10,Pittsburgh,St. Paul,St. Paul,1,5
2010-09-10,New York,Detroit,New York,6,4
2010-09-11,Columbus,Montreal,Columbus,13,8
2010-09-11,St. Louis,"Washington, D.C.",St. Louis,8,3
2010-09-11,Toronto,Winnipeg,Winnipeg,1,8
2010-09-11,New Haven,Indianapolis,Indianapolis,1,3
2010-09-11,Boston,Akron,Boston,8,2
2010-09-11,Philadelphia,Chicago,Philadelphia,5,4
2010-09-11,New York,Detroit,New York,5,0
2010-09-12,Montreal,Boston,Boston,1,2
2010-09-12,Chicago,St. Louis,St. Louis,10,12
2010-09-12,Pittsburgh,Toronto,Pittsburgh,7,3
2010-09-12,Indianapolis,Detroit,Detroit,1,7
2010-09-12,"Washington, D.C.",Philadelphia,Philadelphia,4,24
2010-09-12,New York,New Haven,New York,11,1
2010-09-12,Akron,Columbus,Columbus,2,7
2010-09-13,Akron,Columbus,Columbus,1,3
2010-09-13,New York,New Haven,New York,6,3
2010-09-13,Winnipeg,St. Paul,Winnipeg,8,4
2010-09-13,Montreal,Boston,Boston,0,1
2010-09-13,Chicago,St. Louis,St. Louis,2,6
2010-09-13,Pittsburgh,Toronto,Pittsburgh,10,2
2010-09-13,Indianapolis,Detroit,Indianapolis,2,0
2010-09-13,"Washington, D.C.",Philadelphia,Philadelphia,3,6
2010-09-14,Akron,Columbus,Columbus,3,6
2010-09-14,New York,New Haven,New Haven,3,4
2010-09-14,Winnipeg,St. Paul,Winnipeg,6,3
2010-09-14,Montreal,Boston,Boston,3,11
2010-09-14,Chicago,St. Louis,Chicago,5,4
2010-09-14,Pittsburgh,Toronto,Toronto,4,6
2010-09-14,Indianapolis,Detroit,Indianapolis,3,1
2010-09-14,"Washington, D.C.",Philadelphia,Philadelphia,4,8
2010-09-15,Akron,Columbus,Columbus,5,13
2010-09-15,New York,New Haven,New York,2,0
2010-09-15,Winnipeg,St. Paul,St. Paul,4,8
2010-09-15,Montreal,Boston,Montreal,9,3
2010-09-15,Chicago,St. Louis,St. Louis,3,4
2010-09-15,Indianapolis,Detroit,Detroit,2,7
2010-09-16,Montreal,New York,Montreal,8,3
2010-09-16,Boston,New Haven,New Haven,6,10
2010-09-16,St. Louis,Winnipeg,St. Louis,3,1
2010-09-16,St. Paul,Chicago,Chicago,1,12
2010-09-16,Columbus,Akron,Columbus,3,2
2010-09-16,Detroit,Indianapolis,Detroit,6,5
2010-09-16,Philadelphia,"Washington, D.C.","Washington, D.C.",2,8
2010-09-16,Toronto,Pittsburgh,Toronto,5,2
2010-09-17,Montreal,New York,New York,2,4
2010-09-17,St. Louis,Winnipeg,Winnipeg,2,5
2010-09-17,St. Paul,Chicago,Chicago,5,13
2010-09-17,Columbus,Akron,Akron,2,13
2010-09-17,Detroit,Indianapolis,Detroit,8,4
2010-09-17,Philadelphia,"Washington, D.C.",Philadelphia,4,3
2010-09-17,Toronto,Pittsburgh,Toronto,11,6
2010-09-18,Boston,New Haven,New Haven,1,5
2010-09-18,St. Louis,Winnipeg,Winnipeg,1,7
2010-09-18,Columbus,Akron,Akron,1,3
2010-09-18,Detroit,Indianapolis,Indianapolis,0,5
2010-09-18,Philadelphia,Pittsburgh,Philadelphia,5,1
2010-09-18,"Washington, D.C.",Toronto,Toronto,1,8
2010-09-19,Indianapolis,Columbus,Indianapolis,4,2
2010-09-19,New York,Montreal,Montreal,0,4
2010-09-19,Detroit,Akron,Detroit,4,3
2010-09-19,Chicago,St. Paul,Chicago,4,3
2010-09-19,Winnipeg,St. Louis,Winnipeg,2,1
2010-09-19,"Washington, D.C.",Toronto,Toronto,2,6
2010-09-19,Philadelphia,Pittsburgh,Philadelphia,13,0
2010-09-20,Indianapolis,Columbus,Columbus,2,5
2010-09-20,Detroit,Akron,Detroit,6,5
2010-09-20,Chicago,St. Paul,Chicago,10,5
2010-09-20,"Washington, D.C.",Toronto,"Washington, D.C.",3,2
2010-09-20,Philadelphia,Pittsburgh,Pittsburgh,5,8
2010-09-21,Indianapolis,Columbus,Columbus,0,9
2010-09-21,New York,Montreal,Montreal,0,10
2010-09-21,Detroit,Akron,Akron,1,3
2010-09-21,Chicago,St. Paul,Chicago,3,1
2010-09-21,Winnipeg,St. Louis,Winnipeg,3,1
2010-09-21,New Haven,Boston,New Haven,5,4
2010-09-21,"Washington, D.C.",Toronto,Toronto,3,6
2010-09-21,Philadelphia,Pittsburgh,Philadelphia,5,1
2010-09-22,Toronto,Philadelphia,Toronto,5,2
2010-09-22,New York,Boston,New York,5,0
2010-09-22,St. Louis,Chicago,St. Louis,3,2
2010-09-22,Pittsburgh,"Washington, D.C.",Pittsburgh,5,4
2010-09-22,Akron,Detroit,Akron,7,5
2010-09-22,Montreal,New Haven,New Haven,2,3
2010-09-22,St. Paul,Winnipeg,St. Paul,4,3
2010-09-22,Columbus,Indianapolis,Columbus,7,6
2010-09-23,Columbus,Indianapolis,Indianapolis,3,4
2010-09-23,Montreal,New Haven,New Haven,3,8
2010-09-23,St. Paul,Winnipeg,Winnipeg,8,10
2010-09-23,Toronto,Philadelphia,Philadelphia,6,10
2010-09-23,New York,Boston,Boston,3,6
2010-09-23,St. Louis,Chicago,Chicago,6,7
2010-09-23,Pittsburgh,"Washington, D.C.","Washington, D.C.",6,12
2010-09-23,Akron,Detroit,Detroit,2,3
2010-09-24,Columbus,Indianapolis,Columbus,7,4
2010-09-24,Toronto,Philadelphia,Toronto,5,2
2010-09-24,New York,Boston,New York,5,2
2010-09-24,St. Louis,Chicago,Chicago,3,7
2010-09-24,Pittsburgh,"Washington, D.C.",Pittsburgh,5,0
2010-09-24,Akron,Detroit,Akron,9,7
2010-09-25,Columbus,Indianapolis,Columbus,11,4
2010-09-25,Montreal,New Haven,New Haven,3,10
2010-09-25,Toronto,Philadelphia,Toronto,10,9
2010-09-25,Pittsburgh,"Washington, D.C.","Washington, D.C.",0,4
2010-09-25,St. Louis,Chicago,Chicago,3,15
2010-09-25,Akron,Detroit,Detroit,0,4
2010-08-22,St. Louis,Winnipeg,Tie in regulation,4,4,Winnipeg,6,9,39
2010-08-22,Detroit,Columbus,Tie in regulation,1,1,Columbus,1,3,18
2010-08-23,Philadelphia,Toronto,Tie in regulation,2,2,Toronto,4,8,18
2010-08-23,New Haven,Montreal,Tie in regulation,1,1,New Haven,3,2,6
2010-08-24,Chicago,Winnipeg,Tie in regulation,1,1,Chicago,3,2,24
2010-08-26,New Haven,New York,Tie in regulation,2,2,New Haven,3,2,18
2010-08-27,Akron,Indianapolis,Tie in regulation,4,4,Indianapolis,6,7,4
2010-08-27,Boston,Montreal,Tie in regulation,5,5,Boston,7,6,5
2010-08-28,St. Louis,St. Paul,Tie in regulation,2,2,St. Louis,7,4,5
2010-08-29,Pittsburgh,Philadelphia,Tie in regulation,1,1,Pittsburgh,2,1,17
2010-08-30,Pittsburgh,Chicago,Tie in regulation,1,1,Pittsburgh,4,3,6
2010-09-04,Boston,Indianapolis,Tie in regulation,3,3,Indianapolis,3,4,3
2010-09-06,Detroit,Boston,Tie in regulation,1,1,Boston,2,3,5
2010-09-08,Akron,New Haven,Tie in regulation,4,4,New Haven,4,6,11
2010-09-10,Boston,Akron,Tie in regulation,3,3,Boston,5,4,11
2010-09-10,Philadelphia,Chicago,Tie in regulation,8,8,Philadelphia,10,8,29
2010-09-11,Pittsburgh,St. Paul,Tie in regulation,3,3,Pittsburgh,5,4,30
2010-09-15,Philadelphia,"Washington, D.C.",Tie in regulation,6,6,"Washington, D.C.",7,8,6
2010-09-15,Toronto,Pittsburgh,Tie in regulation,1,1,Pittsburgh,3,4,4
2010-09-17,Boston,New Haven,Tie in regulation,5,5,New Haven,7,9,6
2010-09-18,Montreal,New York,Tie in regulation,3,3,Montreal,6,5,21
2010-09-18,St. Paul,Chicago,Tie in regulation,2,2,Chicago,4,5,17
2010-09-19,New Haven,Boston,Tie in regulation,9,9,New Haven,11,10,9
2010-09-20,New York,Montreal,Tie in regulation,5,5,New York,7,6,35
2010-09-20,Winnipeg,St. Louis,Tie in regulation,4,4,St. Louis,6,8,5
2010-09-20,New Haven,Boston,Tie in regulation,0,0,New Haven,2,1,10
2010-09-24,Montreal,New Haven,Tie in regulation,9,9,Montreal,10,9,6
2010-09-24,St. Paul,Winnipeg,Tie in regulation,4,4,Winnipeg,5,7,12
2010-09-25,St. Paul,Winnipeg,Tie in regulation,5,5,St. Paul,6,5,6
2010-09-25,New York,Boston,Tie in regulation,3,3,New York,4,3,5
2010-08-27,Toronto,"Washington, D.C.",Tie in regulation,5,5,"Washington, D.C.",5,8,12
2010-09-12,Winnipeg,St. Paul,Tie in regulation,1,1,St. Paul,2,6,18
2010-08-21,St. Louis,Winnipeg,Tie in regulation,1,1,St. Louis,2,1,9
2010-08-21,St. Paul,Chicago,Tie in regulation,1,1,Chicago,1,2,6
2010-08-23,Indianapolis,Akron,Tie in regulation,4,4,Indianapolis,5,4,5
